{"name":"f82d90b9-a8e4-4ffb-91b1-20b21bddf222","id":"/providers/Microsoft.Flow/flows/f82d90b9-a8e4-4ffb-91b1-20b21bddf222","type":"Microsoft.Flow/flows","properties":{"apiId":"/providers/Microsoft.PowerApps/apis/shared_logicflows","displayName":"Send Invoice for review","definition":{"metadata":{"workflowEntityId":null,"processAdvisorMetadata":null,"flowclientsuspensionreason":"None","flowclientsuspensiontime":null,"creator":{"id":"aefdbac2-937c-4fea-9b04-cda088e55e78","type":"User","tenantId":"24a46daa-7b87-4566-9eea-281326a1b75c"},"provisioningMethod":"FromDefinition","failureAlertSubscription":true,"clientLastModifiedTime":"2022-03-08T17:02:13.3334356Z"},"$schema":"https://schema.management.azure.com/providers/Microsoft.Logic/schemas/2016-06-01/workflowdefinition.json#","contentVersion":"1.0.0.0","parameters":{"$connections":{"defaultValue":{},"type":"Object"},"$authentication":{"defaultValue":{},"type":"SecureObject"},"dynamicscrmonline.organizationName":{"defaultValue":"","type":"String"},"dynamicscrmonline.entityName":{"defaultValue":"","type":"String"}},"triggers":{"manual":{"splitOn":"@triggerBody()['rows']","metadata":{"operationMetadataId":"9d18d642-33b4-4e5c-ba64-2c99c9c00793"},"type":"Request","kind":"ApiConnection","inputs":{"schema":{"type":"object","properties":{"rows":{"type":"array","items":{"type":"object","properties":{"entity":{"type":"object","properties":{"invoiceid":{"title":"Invoice","type":"string","format":"guid"}},"required":["invoiceid"]}},"required":["entity"]}}},"required":["rows"]},"host":{"connection":{"name":"@parameters('$connections')['shared_commondataservice']['connectionId']"},"api":{"runtimeUrl":"https://canada-001.azure-apim.net/apim/commondataservice"}},"operationId":"GetOnNewItems_V2","parameters":{"dataset":"default.cds","table":"invoices"},"headersSchema":{"x-ms-user-email-encoded":{"title":"User email","type":"string","format":"byte","x-ms-dynamically-added":false}}}}},"actions":{"Send_an_email_(V2)":{"runAfter":{"Condition":["Succeeded"]},"metadata":{"operationMetadataId":"8009586f-3604-47d7-a726-b9cfc75b8966"},"type":"OpenApiConnection","inputs":{"host":{"apiId":"/providers/Microsoft.PowerApps/apis/shared_office365","connectionName":"shared_office365","operationId":"SendEmailV2"},"parameters":{"emailMessage/To":"@{outputs('Get_a_row_by_ID_User_(reviewer_1)')?['body/internalemailaddress']};@{outputs('Get_a_row_by_ID_User_(reviewer_2)')?['body/internalemailaddress']}","emailMessage/Subject":"Please review invoice - @{outputs('Get_a_row_by_ID_Invoice')?['body/invoicenumber']}","emailMessage/Body":"<p>Please click the <a href=\"https://cartzilla-dev-cs.crm3.dynamics.com/main.aspx?appid=66a2323a-f552-ec11-8f8e-000d3ae9ac38&amp;newWindow=true&amp;pagetype=entityrecord&amp;etn=invoice&amp;id=@{outputs('Get_a_row_by_ID_Invoice')?['body/invoiceid']}\">link</a> to review the invoice.<br>\n<br>\n<br>\n<br>\n</p>"},"authentication":{"value":"@json(decodeBase64(triggerOutputs().headers['X-MS-APIM-Tokens']))['$ConnectionKey']","type":"Raw"}}},"Get_a_row_by_ID_Invoice":{"runAfter":{},"metadata":{"operationMetadataId":"f97d05ed-a61d-4565-a79a-b78fe1ec426f"},"type":"OpenApiConnection","inputs":{"host":{"apiId":"/providers/Microsoft.PowerApps/apis/shared_commondataserviceforapps","connectionName":"shared_commondataserviceforapps","operationId":"GetItem"},"parameters":{"entityName":"invoices","recordId":"@triggerBody()?['entity']?['invoiceid']"},"authentication":"@parameters('$authentication')"}},"Get_a_row_by_ID_User_(reviewer_1)":{"runAfter":{"Get_a_row_by_ID_Invoice":["Succeeded"]},"metadata":{"operationMetadataId":"313d5b82-c2c2-460c-86e7-3f60806fe14a"},"type":"OpenApiConnection","inputs":{"host":{"apiId":"/providers/Microsoft.PowerApps/apis/shared_commondataserviceforapps","connectionName":"shared_commondataserviceforapps","operationId":"GetItem"},"parameters":{"entityName":"systemusers","recordId":"@outputs('Get_a_row_by_ID_Invoice')?['body/_crc98_reviewer_value']"},"authentication":"@parameters('$authentication')"}},"Condition":{"actions":{},"runAfter":{"Get_a_row_by_ID_User_(reviewer_1)":["Succeeded"]},"else":{"actions":{"Get_a_row_by_ID_User_(reviewer_2)":{"runAfter":{},"metadata":{"operationMetadataId":"f7f8ba51-0126-4b95-a842-b601e284cc8a"},"type":"OpenApiConnection","inputs":{"host":{"apiId":"/providers/Microsoft.PowerApps/apis/shared_commondataserviceforapps","connectionName":"shared_commondataserviceforapps","operationId":"GetItem"},"parameters":{"entityName":"systemusers","recordId":"@outputs('Get_a_row_by_ID_Invoice')?['body/_crc98_reviewertwo_value']"},"authentication":"@parameters('$authentication')"}}}},"expression":{"equals":["@outputs('Get_a_row_by_ID_Invoice')?['body/_crc98_reviewertwo_value']","@null"]},"metadata":{"operationMetadataId":"4d5102f5-8a57-4d22-bdf1-9e730bf6f63c"},"type":"If"}},"description":"Create one or more actions to happen when records in the Microsoft Dataverse portal are selected. To use this flow from Microsoft Dataverse, select the record(s) you want to send to the flow, go to the command bar at the top of the screen, select Flows, and choose this flow."},"connectionReferences":{"shared_commondataservice":{"connectionName":"shared-commondataser-54339fa3-7ced-4a43-9196-1d3283b84a26","source":"Invoker","id":"/providers/Microsoft.PowerApps/apis/shared_commondataservice","tier":"NotSpecified"},"shared_office365":{"connectionName":"shared-office365-fc1739c8-0bb7-4f3a-b0e4-43ea-0921a055","source":"Invoker","id":"/providers/Microsoft.PowerApps/apis/shared_office365","tier":"NotSpecified"},"shared_commondataserviceforapps":{"connectionName":"shared-commondataser-026a47a9-28a8-4777-8ad3-e97b-2e9b969b","source":"Embedded","id":"/providers/Microsoft.PowerApps/apis/shared_commondataserviceforapps","tier":"NotSpecified"}},"flowFailureAlertSubscribed":false}}