{"name":"c9820e3c-41a5-4d7d-8ad3-4ebcbd8a826e","id":"/providers/Microsoft.Flow/flows/c9820e3c-41a5-4d7d-8ad3-4ebcbd8a826e","type":"Microsoft.Flow/flows","properties":{"apiId":"/providers/Microsoft.PowerApps/apis/shared_logicflows","displayName":"Send invoice to customer","definition":{"metadata":{"workflowEntityId":null,"processAdvisorMetadata":null,"flowclientsuspensionreason":"None","flowclientsuspensiontime":null,"creator":{"id":"aefdbac2-937c-4fea-9b04-cda088e55e78","type":"User","tenantId":"24a46daa-7b87-4566-9eea-281326a1b75c"},"provisioningMethod":"FromDefinition","failureAlertSubscription":true,"clientLastModifiedTime":"2022-03-08T16:20:10.8947174Z"},"$schema":"https://schema.management.azure.com/providers/Microsoft.Logic/schemas/2016-06-01/workflowdefinition.json#","contentVersion":"1.0.0.0","parameters":{"$connections":{"defaultValue":{},"type":"Object"},"$authentication":{"defaultValue":{},"type":"SecureObject"},"dynamicscrmonline.organizationName":{"defaultValue":"","type":"String"},"dynamicscrmonline.entityName":{"defaultValue":"","type":"String"}},"triggers":{"manual":{"splitOn":"@triggerBody()['rows']","metadata":{"operationMetadataId":"defcd9e7-7c31-46d6-a4d5-8ed823682357"},"type":"Request","kind":"ApiConnection","inputs":{"schema":{"type":"object","properties":{"rows":{"type":"array","items":{"type":"object","properties":{"entity":{"type":"object","properties":{"invoiceid":{"title":"Invoice","type":"string","format":"guid"}},"required":["invoiceid"]}},"required":["entity"]}}},"required":["rows"]},"host":{"connection":{"name":"@parameters('$connections')['shared_commondataservice']['connectionId']"},"api":{"runtimeUrl":"https://canada-001.azure-apim.net/apim/commondataservice"}},"operationId":"GetOnNewItems_V2","parameters":{"dataset":"default.cds","table":"invoices"}}}},"actions":{"Condition_-_Check_if_customer_is_an_account_or_contact":{"actions":{"Get_a_row_by_ID_(Accounts)":{"runAfter":{},"metadata":{"operationMetadataId":"f4d92879-cc74-48bd-853b-d820409af36c"},"type":"OpenApiConnection","inputs":{"host":{"apiId":"/providers/Microsoft.PowerApps/apis/shared_commondataserviceforapps","connectionName":"shared_commondataserviceforapps","operationId":"GetItem"},"parameters":{"entityName":"accounts","recordId":"@outputs('Get_a_row_by_ID_(Invoice)')?['body/_customerid_value']"},"authentication":"@parameters('$authentication')"}},"Condition_-_Does_CRM_customerID_exists_in_Quickbooks":{"actions":{"Customer-Create":{"runAfter":{},"metadata":{"operationMetadataId":"a21bf601-cb70-4187-b173-a6ed5338cb6b"},"type":"OpenApiConnection","inputs":{"host":{"apiId":"/providers/Microsoft.PowerApps/apis/shared_quickbooks-5fb15d7e221c74691f-5fa3c946fbaf33fd73","connectionName":"shared_quickbooks-5fb15d7e221c74691f-5fa3c946fbaf33fd73","operationId":"Customer-Create"},"parameters":{"companyid":"4620816365213924760","minorversion":"{{minorversion}}","User-Agent":"{{UserAgent}}","Accept":"application/json","Content-Type":"application/json","body/BillAddr/Line1":"@outputs('Get_a_row_by_ID_(Accounts)')?['body/address1_line1']","body/BillAddr/City":"@outputs('Get_a_row_by_ID_(Accounts)')?['body/address1_city']","body/BillAddr/Country":"@outputs('Get_a_row_by_ID_(Accounts)')?['body/address1_country']","body/BillAddr/PostalCode":"@outputs('Get_a_row_by_ID_(Accounts)')?['body/address1_postalcode']","body/DisplayName":"@outputs('Get_a_row_by_ID_(Accounts)')?['body/name']","body/PrimaryPhone/FreeFormNumber":"@outputs('Get_a_row_by_ID_(Accounts)')?['body/telephone1']","body/PrimaryEmailAddr/Address":"@outputs('Get_a_row_by_ID_(Accounts)')?['body/emailaddress1']"},"authentication":{"value":"@json(decodeBase64(triggerOutputs().headers['X-MS-APIM-Tokens']))['$ConnectionKey']","type":"Raw"}}},"Update_a_row_Account":{"runAfter":{"Parse_JSON_Customer":["Succeeded"]},"metadata":{"operationMetadataId":"53343fb4-8237-44d7-92a5-6537dae3fafb"},"type":"OpenApiConnection","inputs":{"host":{"apiId":"/providers/Microsoft.PowerApps/apis/shared_commondataserviceforapps","connectionName":"shared_commondataserviceforapps","operationId":"UpdateRecord"},"parameters":{"entityName":"accounts","recordId":"@outputs('Get_a_row_by_ID_(Accounts)')?['body/accountid']","item/clds_quickbooks_customer_id":"@body('Parse_JSON_Customer')?['Customer']?['Id']"},"authentication":"@parameters('$authentication')"}},"Parse_JSON_Customer":{"runAfter":{"Customer-Create":["Succeeded"]},"metadata":{"operationMetadataId":"4661d56d-e7e8-48e3-a89f-69768cc0bb75"},"type":"ParseJson","inputs":{"content":"@body('Customer-Create')","schema":{"type":"object","properties":{"Customer":{"type":"object","properties":{"Taxable":{"type":"boolean"},"BillAddr":{"type":"object","properties":{"Id":{"type":"string"},"Line1":{"type":"string"},"City":{"type":"string"},"Country":{"type":"string"},"PostalCode":{"type":"string"}}},"Job":{"type":"boolean"},"BillWithParent":{"type":"boolean"},"Balance":{"type":"integer"},"BalanceWithJobs":{"type":"integer"},"CurrencyRef":{"type":"object","properties":{"value":{"type":"string"},"name":{"type":"string"}}},"PreferredDeliveryMethod":{"type":"string"},"domain":{"type":"string"},"sparse":{"type":"boolean"},"Id":{"type":"string"},"SyncToken":{"type":"string"},"MetaData":{"type":"object","properties":{"CreateTime":{"type":"string"},"LastUpdatedTime":{"type":"string"}}},"FullyQualifiedName":{"type":"string"},"DisplayName":{"type":"string"},"PrintOnCheckName":{"type":"string"},"Active":{"type":"boolean"},"PrimaryPhone":{"type":"object","properties":{"FreeFormNumber":{"type":"string"}}},"DefaultTaxCodeRef":{"type":"object","properties":{"value":{"type":"string"}}}}},"time":{"type":"string"}}}}},"List_rows_-_retrieve_producs_associated_with_invoice":{"runAfter":{"Update_a_row_Account":["Succeeded"]},"metadata":{"operationMetadataId":"4876ad39-b505-4d5b-862d-adb5ef75e4a4"},"type":"OpenApiConnection","inputs":{"host":{"apiId":"/providers/Microsoft.PowerApps/apis/shared_commondataserviceforapps","connectionName":"shared_commondataserviceforapps","operationId":"ListRecords"},"parameters":{"entityName":"invoicedetails","$filter":"_invoiceid_value eq @{outputs('Get_a_row_by_ID_(Invoice)')?['body/invoiceid']}"},"authentication":"@parameters('$authentication')"}},"Apply_to_each":{"foreach":"@outputs('List_rows_-_retrieve_producs_associated_with_invoice')?['body/value']","actions":{"Parse_JSON":{"runAfter":{},"metadata":{"operationMetadataId":"021cb3cf-1df4-487f-802c-f75fd1586355"},"type":"ParseJson","inputs":{"content":"@items('Apply_to_each')","schema":{"type":"object","properties":{"@@odata.type":{"type":"string"},"@@odata.id":{"type":"string"},"@@odata.etag":{"type":"string"},"@@odata.editLink":{"type":"string"},"_owningbusinessunit_value@Microsoft.Dynamics.CRM.lookuplogicalname":{"type":"string"},"_owningbusinessunit_value@odata.type":{"type":"string"},"_owningbusinessunit_value":{"type":"string"},"priceperunit@OData.Community.Display.V1.FormattedValue":{"type":"string"},"priceperunit@odata.type":{"type":"string"},"priceperunit":{"type":["integer","number"]},"_productid_value@OData.Community.Display.V1.FormattedValue":{"type":"string"},"_productid_value@Microsoft.Dynamics.CRM.associatednavigationproperty":{"type":"string"},"_productid_value@Microsoft.Dynamics.CRM.lookuplogicalname":{"type":"string"},"_productid_value@odata.type":{"type":"string"},"_productid_value":{"type":"string"},"productname":{"type":"string"},"invoicestatecode":{"type":["integer","number"]},"invoicedetailname":{"type":"string"},"description":{"type":"string"},"createdon@OData.Community.Display.V1.FormattedValue":{"type":"string"},"createdon@odata.type":{"type":"string"},"createdon":{"type":"string"},"pricingerrorcode@OData.Community.Display.V1.FormattedValue":{"type":"string"},"pricingerrorcode":{"type":["integer","number"]},"productnumber":{"type":"string"},"_ownerid_value@OData.Community.Display.V1.FormattedValue":{"type":"string"},"_ownerid_value@Microsoft.Dynamics.CRM.lookuplogicalname":{"type":"string"},"_ownerid_value@odata.type":{"type":"string"},"_ownerid_value":{"type":"string"},"producttypecode@OData.Community.Display.V1.FormattedValue":{"type":"string"},"producttypecode":{"type":["integer","number"]},"shipto_freighttermscode@OData.Community.Display.V1.FormattedValue":{"type":"string"},"shipto_freighttermscode":{"type":["integer","number"]},"modifiedon@OData.Community.Display.V1.FormattedValue":{"type":"string"},"modifiedon@odata.type":{"type":"string"},"modifiedon":{"type":"string"},"_transactioncurrencyid_value@OData.Community.Display.V1.FormattedValue":{"type":"string"},"_transactioncurrencyid_value@Microsoft.Dynamics.CRM.associatednavigationproperty":{"type":"string"},"_transactioncurrencyid_value@Microsoft.Dynamics.CRM.lookuplogicalname":{"type":"string"},"_transactioncurrencyid_value@odata.type":{"type":"string"},"_transactioncurrencyid_value":{"type":"string"},"propertyconfigurationstatus@OData.Community.Display.V1.FormattedValue":{"type":"string"},"propertyconfigurationstatus":{"type":["integer","number"]},"volumediscountamount_base@OData.Community.Display.V1.FormattedValue":{"type":"string"},"volumediscountamount_base@odata.type":{"type":"string"},"volumediscountamount_base":{"type":["integer","number"]},"versionnumber@OData.Community.Display.V1.FormattedValue":{"type":"string"},"versionnumber@odata.type":{"type":"string"},"versionnumber":{"type":["integer","number"]},"extendedamount_base@OData.Community.Display.V1.FormattedValue":{"type":"string"},"extendedamount_base@odata.type":{"type":"string"},"extendedamount_base":{"type":["integer","number"]},"extendedamount@OData.Community.Display.V1.FormattedValue":{"type":"string"},"extendedamount@odata.type":{"type":"string"},"extendedamount":{"type":["integer","number"]},"invoicedetailid@odata.type":{"type":"string"},"invoicedetailid":{"type":"string"},"exchangerate@OData.Community.Display.V1.FormattedValue":{"type":"string"},"exchangerate@odata.type":{"type":"string"},"exchangerate":{"type":["integer","number"]},"quantity@OData.Community.Display.V1.FormattedValue":{"type":"string"},"quantity@odata.type":{"type":"string"},"quantity":{"type":["integer","number"]},"priceperunit_base@OData.Community.Display.V1.FormattedValue":{"type":"string"},"priceperunit_base@odata.type":{"type":"string"},"priceperunit_base":{"type":["integer","number"]},"_invoiceid_value@OData.Community.Display.V1.FormattedValue":{"type":"string"},"_invoiceid_value@Microsoft.Dynamics.CRM.associatednavigationproperty":{"type":"string"},"_invoiceid_value@Microsoft.Dynamics.CRM.lookuplogicalname":{"type":"string"},"_invoiceid_value@odata.type":{"type":"string"},"_invoiceid_value":{"type":"string"},"_modifiedby_value@OData.Community.Display.V1.FormattedValue":{"type":"string"},"_modifiedby_value@Microsoft.Dynamics.CRM.lookuplogicalname":{"type":"string"},"_modifiedby_value@odata.type":{"type":"string"},"_modifiedby_value":{"type":"string"},"baseamount_base@OData.Community.Display.V1.FormattedValue":{"type":"string"},"baseamount_base@odata.type":{"type":"string"},"baseamount_base":{"type":["integer","number"]},"isproductoverridden@OData.Community.Display.V1.FormattedValue":{"type":"string"},"isproductoverridden":{"type":"boolean"},"baseamount@OData.Community.Display.V1.FormattedValue":{"type":"string"},"baseamount@odata.type":{"type":"string"},"baseamount":{"type":["integer","number"]},"volumediscountamount@OData.Community.Display.V1.FormattedValue":{"type":"string"},"volumediscountamount@odata.type":{"type":"string"},"volumediscountamount":{"type":["integer","number"]},"ispriceoverridden@OData.Community.Display.V1.FormattedValue":{"type":"string"},"ispriceoverridden":{"type":"boolean"},"invoiceispricelocked@OData.Community.Display.V1.FormattedValue":{"type":"string"},"invoiceispricelocked":{"type":"boolean"},"sequencenumber@OData.Community.Display.V1.FormattedValue":{"type":"string"},"sequencenumber":{"type":["integer","number"]},"_uomid_value@OData.Community.Display.V1.FormattedValue":{"type":"string"},"_uomid_value@Microsoft.Dynamics.CRM.associatednavigationproperty":{"type":"string"},"_uomid_value@Microsoft.Dynamics.CRM.lookuplogicalname":{"type":"string"},"_uomid_value@odata.type":{"type":"string"},"_uomid_value":{"type":"string"},"iscopied@OData.Community.Display.V1.FormattedValue":{"type":"string"},"iscopied":{"type":"boolean"},"_createdby_value@OData.Community.Display.V1.FormattedValue":{"type":"string"},"_createdby_value@Microsoft.Dynamics.CRM.lookuplogicalname":{"type":"string"},"_createdby_value@odata.type":{"type":"string"},"_createdby_value":{"type":"string"},"_owninguser_value@Microsoft.Dynamics.CRM.lookuplogicalname":{"type":"string"},"_owninguser_value@odata.type":{"type":"string"},"_owninguser_value":{"type":"string"},"willcall@OData.Community.Display.V1.FormattedValue":{"type":"string"},"willcall":{"type":"boolean"},"skippricecalculation@OData.Community.Display.V1.FormattedValue":{"type":"string"},"skippricecalculation":{"type":["integer","number"]},"productid@odata.associationLink":{"type":"string"},"productid@odata.navigationLink":{"type":"string"},"transactioncurrencyid@odata.associationLink":{"type":"string"},"transactioncurrencyid@odata.navigationLink":{"type":"string"},"invoiceid@odata.associationLink":{"type":"string"},"invoiceid@odata.navigationLink":{"type":"string"},"uomid@odata.associationLink":{"type":"string"},"uomid@odata.navigationLink":{"type":"string"},"createdby@odata.associationLink":{"type":"string"},"createdby@odata.navigationLink":{"type":"string"},"createdonbehalfby@odata.associationLink":{"type":"string"},"createdonbehalfby@odata.navigationLink":{"type":"string"},"modifiedby@odata.associationLink":{"type":"string"},"modifiedby@odata.navigationLink":{"type":"string"},"modifiedonbehalfby@odata.associationLink":{"type":"string"},"modifiedonbehalfby@odata.navigationLink":{"type":"string"},"owninguser@odata.associationLink":{"type":"string"},"owninguser@odata.navigationLink":{"type":"string"},"owningteam@odata.associationLink":{"type":"string"},"owningteam@odata.navigationLink":{"type":"string"},"InvoiceDetail_SyncErrors@odata.associationLink":{"type":"string"},"InvoiceDetail_SyncErrors@odata.navigationLink":{"type":"string"},"InvoiceDetail_AsyncOperations@odata.associationLink":{"type":"string"},"InvoiceDetail_AsyncOperations@odata.navigationLink":{"type":"string"},"invoicedetail_MailboxTrackingFolders@odata.associationLink":{"type":"string"},"invoicedetail_MailboxTrackingFolders@odata.navigationLink":{"type":"string"},"userentityinstancedata_invoicedetail@odata.associationLink":{"type":"string"},"userentityinstancedata_invoicedetail@odata.navigationLink":{"type":"string"},"InvoiceDetail_ProcessSessions@odata.associationLink":{"type":"string"},"InvoiceDetail_ProcessSessions@odata.navigationLink":{"type":"string"},"InvoiceDetail_BulkDeleteFailures@odata.associationLink":{"type":"string"},"InvoiceDetail_BulkDeleteFailures@odata.navigationLink":{"type":"string"},"invoicedetail_principalobjectattributeaccess@odata.associationLink":{"type":"string"},"invoicedetail_principalobjectattributeaccess@odata.navigationLink":{"type":"string"},"InvoiceDetail_Dynamicpropertyinstance@odata.associationLink":{"type":"string"},"InvoiceDetail_Dynamicpropertyinstance@odata.navigationLink":{"type":"string"},"parentbundleid_invoicedetail@odata.associationLink":{"type":"string"},"parentbundleid_invoicedetail@odata.navigationLink":{"type":"string"},"invoicedetail_parent_invoicedetail@odata.associationLink":{"type":"string"},"invoicedetail_parent_invoicedetail@odata.navigationLink":{"type":"string"},"salesrepid@odata.associationLink":{"type":"string"},"salesrepid@odata.navigationLink":{"type":"string"},"productassociationid_productassociation@odata.associationLink":{"type":"string"},"productassociationid_productassociation@odata.navigationLink":{"type":"string"},"parentbundleidref_invoicedetail@odata.associationLink":{"type":"string"},"parentbundleidref_invoicedetail@odata.navigationLink":{"type":"string"},"invoicedetail_parentref_invoicedetail@odata.associationLink":{"type":"string"},"invoicedetail_parentref_invoicedetail@odata.navigationLink":{"type":"string"},"SalesOrderDetailId@odata.associationLink":{"type":"string"},"SalesOrderDetailId@odata.navigationLink":{"type":"string"},"#Microsoft.Dynamics.CRM.RetrieveProductProperties()":{"type":"object","properties":{"title":{"type":"string"},"target":{"type":"string"}}}}}}},"Set_variable_Product_Name":{"runAfter":{"Set_variable_Item_ID":["Succeeded"]},"metadata":{"operationMetadataId":"9f53efcf-f382-408c-aa9a-a38d2db8ead4"},"type":"SetVariable","inputs":{"name":"Product_Name","value":"@body('Parse_JSON')?['productname']"}},"Build_the_string":{"runAfter":{"Set_variable_Product_Total_Price":["Succeeded"]},"metadata":{"operationMetadataId":"8cd9c201-298a-4415-a036-9acc8f71376b"},"type":"Compose","inputs":"@replace(replace(replace(replace(replace(variables('Each line'),'#name#',variables('Product_Name')),'#amount#',string(variables('Product_Total_Price'))),'#qty#',string(variables('Product_Quantity'))),'#unitprice#',string(variables('Unit_Price'))),'#item#',string(variables('Item_ID')))"},"Append_to_array_variable":{"runAfter":{"Build_the_string":["Succeeded"]},"metadata":{"operationMetadataId":"303a7ab1-3330-4c5b-8cd2-77061727e477"},"type":"AppendToArrayVariable","inputs":{"name":"Output_JSON","value":"@outputs('Build_the_string')"}},"Set_variable_Unit_Price":{"runAfter":{"Set_variable_Product_Quantity":["Succeeded"]},"metadata":{"operationMetadataId":"7fa648a1-f4f5-4cce-908a-d9f44a5dcb18"},"type":"SetVariable","inputs":{"name":"Unit_Price","value":"@{body('Parse_JSON')?['priceperunit']}"}},"Set_variable_Product_Quantity":{"runAfter":{"Set_variable_Product_Name":["Succeeded"]},"metadata":{"operationMetadataId":"5b4ac7d9-80b0-4bf4-a9f8-24095e3b1b79"},"type":"SetVariable","inputs":{"name":"Product_Quantity","value":"@body('Parse_JSON')?['quantity']"}},"Set_variable_Product_Total_Price":{"runAfter":{"Set_variable_Unit_Price":["Succeeded"]},"metadata":{"operationMetadataId":"05ea0918-fa9b-42a0-9afd-40ccddfa8af6"},"type":"SetVariable","inputs":{"name":"Product_Total_Price","value":"@{mul(body('Parse_JSON')?['priceperunit'],body('Parse_JSON')?['quantity'])}"}},"Get_a_row_by_ID_Product_2":{"runAfter":{"Parse_JSON":["Succeeded"]},"metadata":{"operationMetadataId":"e48c87c5-747b-4aa9-8e1e-122a89ac81f6"},"type":"OpenApiConnection","inputs":{"host":{"apiId":"/providers/Microsoft.PowerApps/apis/shared_commondataserviceforapps","connectionName":"shared_commondataserviceforapps","operationId":"GetItem"},"parameters":{"entityName":"products","recordId":"@items('Apply_to_each')?['_productid_value']"},"authentication":"@parameters('$authentication')"}},"Set_variable_Item_ID":{"runAfter":{"Get_a_row_by_ID_Product_2":["Succeeded"]},"metadata":{"operationMetadataId":"fb637b36-d57b-4645-a5fd-3de6362a9f38"},"type":"SetVariable","inputs":{"name":"Item_ID","value":"@outputs('Get_a_row_by_ID_Product_2')?['body/clds_quickbooksproductitemid']"}}},"runAfter":{"List_rows_-_retrieve_producs_associated_with_invoice":["Succeeded"]},"metadata":{"operationMetadataId":"5fa599f0-c2a4-4628-8103-f04fbc64634a"},"type":"Foreach"},"Invoice-Create_2":{"runAfter":{"Generates_the_json_element":["Succeeded"]},"metadata":{"operationMetadataId":"70a8b1d0-5c96-4689-95c0-1bc056b6d8d1"},"type":"OpenApiConnection","inputs":{"host":{"apiId":"/providers/Microsoft.PowerApps/apis/shared_quickbooks-5fb15d7e221c74691f-5fa3c946fbaf33fd73","connectionName":"shared_quickbooks-5fb15d7e221c74691f-5fa3c946fbaf33fd73","operationId":"Invoice-Create"},"parameters":{"companyid":"4620816365213924760","minorversion":"{{minorversion}}","User-Agent":"{{UserAgent}}","Accept":"application/json","Content-Type":"application/json","body/Line":"@outputs('Generates_the_json_element')","body/CustomerRef/value":"@outputs('Update_a_row_Account')?['body/clds_quickbooks_customer_id']","body/DocNumber":"@outputs('Get_a_row_by_ID_(Invoice)')?['body/invoicenumber']"},"authentication":{"value":"@json(decodeBase64(triggerOutputs().headers['X-MS-APIM-Tokens']))['$ConnectionKey']","type":"Raw"}}},"Convert_the_array_to_a_string":{"runAfter":{"Apply_to_each":["Succeeded"]},"metadata":{"operationMetadataId":"08ed3ef1-8fbd-4d09-b1d5-80389ba13350"},"type":"Compose","inputs":"@join(variables('Output_JSON'),',')"},"Generates_the_json_element":{"runAfter":{"Convert_the_array_to_a_string":["Succeeded"]},"metadata":{"operationMetadataId":"6a6fff9d-6347-42b7-9bfb-ff0455aab88e"},"type":"Compose","inputs":"@json(concat('[', outputs('Convert_the_array_to_a_string'), ']'))"},"Parse_JSON_3":{"runAfter":{"Invoice-Create_2":["Succeeded"]},"metadata":{"operationMetadataId":"c9e6d101-0fe3-4e16-bc33-c7f83c8132c1"},"type":"ParseJson","inputs":{"content":"@body('Invoice-Create_2')","schema":{"type":"object","properties":{"Invoice":{"type":"object","properties":{"AllowIPNPayment":{"type":"boolean"},"AllowOnlinePayment":{"type":"boolean"},"AllowOnlineCreditCardPayment":{"type":"boolean"},"AllowOnlineACHPayment":{"type":"boolean"},"domain":{"type":"string"},"sparse":{"type":"boolean"},"Id":{"type":"string"},"SyncToken":{"type":"string"},"MetaData":{"type":"object","properties":{"CreateTime":{"type":"string"},"LastUpdatedTime":{"type":"string"}}},"CustomField":{"type":"array","items":{"type":"object","properties":{"DefinitionId":{"type":"string"},"Name":{"type":"string"},"Type":{"type":"string"}},"required":["DefinitionId","Name","Type"]}},"DocNumber":{"type":"string"},"TxnDate":{"type":"string"},"CurrencyRef":{"type":"object","properties":{"value":{"type":"string"},"name":{"type":"string"}}},"LinkedTxn":{"type":"array"},"Line":{"type":"array","items":{"type":"object","properties":{"Id":{"type":"string"},"LineNum":{"type":["integer","number"]},"Description":{"type":"string"},"Amount":{"type":["integer","number"]},"DetailType":{"type":"string"},"SalesItemLineDetail":{"type":"object","properties":{"ItemRef":{"type":"object","properties":{"value":{"type":"string"},"name":{"type":"string"}}},"UnitPrice":{"type":["integer","number"]},"Qty":{"type":["integer","number"]},"TaxCodeRef":{"type":"object","properties":{"value":{"type":"string"}}}}},"SubTotalLineDetail":{"type":"object","properties":{}}},"required":["Amount","DetailType"]}},"TxnTaxDetail":{"type":"object","properties":{"TotalTax":{"type":["integer","number"]}}},"CustomerRef":{"type":"object","properties":{"value":{"type":"string"},"name":{"type":"string"}}},"BillAddr":{"type":"object","properties":{"Id":{"type":"string"},"Line1":{"type":"string"},"City":{"type":"string"},"Country":{"type":"string"},"PostalCode":{"type":"string"}}},"DueDate":{"type":"string"},"TotalAmt":{"type":"number"},"ApplyTaxAfterDiscount":{"type":"boolean"},"PrintStatus":{"type":"string"},"EmailStatus":{"type":"string"},"Balance":{"type":"number"}}},"time":{"type":"string"}}}}},"Invoice-Send":{"runAfter":{"Update_a_row_Invoice":["Succeeded"]},"metadata":{"operationMetadataId":"563de729-7f9f-4315-aac5-422a8a53b6ae"},"type":"OpenApiConnection","inputs":{"host":{"apiId":"/providers/Microsoft.PowerApps/apis/shared_quickbooks-5fb15d7e221c74691f-5fa3c946fbaf33fd73","connectionName":"shared_quickbooks-5fb15d7e221c74691f-5fa3c946fbaf33fd73","operationId":"Invoice-Send"},"parameters":{"companyid":"4620816365213924760","invoiceId":"@body('Parse_JSON_3')?['Invoice']?['Id']","sendTo":"@outputs('Get_a_row_by_ID_(Accounts)')?['body/emailaddress1']","Content-type":"application/octet-stream"},"authentication":{"value":"@json(decodeBase64(triggerOutputs().headers['X-MS-APIM-Tokens']))['$ConnectionKey']","type":"Raw"}}},"Update_a_row_Invoice":{"runAfter":{"Parse_JSON_3":["Succeeded"]},"metadata":{"operationMetadataId":"a0e4f9ef-a4f0-4e9c-8488-60cbc92de0fd"},"type":"OpenApiConnection","inputs":{"host":{"apiId":"/providers/Microsoft.PowerApps/apis/shared_commondataserviceforapps","connectionName":"shared_commondataserviceforapps","operationId":"UpdateRecord"},"parameters":{"entityName":"invoices","recordId":"@outputs('Get_a_row_by_ID_(Invoice)')?['body/invoiceid']","item/statuscode":4,"item/crc98_quickbooks_invoice_id":"@body('Parse_JSON_3')?['Invoice']?['Id']"},"authentication":"@parameters('$authentication')"}}},"runAfter":{"Get_a_row_by_ID_(Accounts)":["Succeeded"]},"else":{"actions":{"List_rows_-_retrieve_producs_associated_with_invoice_2":{"runAfter":{},"metadata":{"operationMetadataId":"4876ad39-b505-4d5b-862d-adb5ef75e4a4"},"type":"OpenApiConnection","inputs":{"host":{"apiId":"/providers/Microsoft.PowerApps/apis/shared_commondataserviceforapps","connectionName":"shared_commondataserviceforapps","operationId":"ListRecords"},"parameters":{"entityName":"invoicedetails","$filter":"_invoiceid_value eq @{outputs('Get_a_row_by_ID_(Invoice)')?['body/invoiceid']}"},"authentication":"@parameters('$authentication')"}},"Invoice-Create":{"runAfter":{"Generates_the_json_element_2":["Succeeded"]},"metadata":{"operationMetadataId":"a24f8945-50b8-4755-aac6-b6e775b5f701"},"type":"OpenApiConnection","inputs":{"host":{"apiId":"/providers/Microsoft.PowerApps/apis/shared_quickbooks-5fb15d7e221c74691f-5fa3c946fbaf33fd73","connectionName":"shared_quickbooks-5fb15d7e221c74691f-5fa3c946fbaf33fd73","operationId":"Invoice-Create"},"parameters":{"companyid":"4620816365213924760","minorversion":"{{minorversion}}","User-Agent":"{{UserAgent}}","Accept":"application/json","Content-Type":"application/json","body/Line":"@outputs('Generates_the_json_element_2')","body/CustomerRef/value":"@outputs('Get_a_row_by_ID_(Accounts)')?['body/clds_quickbooks_customer_id']","body/DocNumber":"@outputs('Get_a_row_by_ID_(Invoice)')?['body/invoicenumber']"},"authentication":{"value":"@json(decodeBase64(triggerOutputs().headers['X-MS-APIM-Tokens']))['$ConnectionKey']","type":"Raw"}}},"Apply_to_each_2":{"foreach":"@outputs('List_rows_-_retrieve_producs_associated_with_invoice_2')?['body/value']","actions":{"Set_variable_Product_Name_2":{"runAfter":{"Set_variable_Item_ID_2":["Succeeded"]},"metadata":{"operationMetadataId":"9f53efcf-f382-408c-aa9a-a38d2db8ead4"},"type":"SetVariable","inputs":{"name":"Product_Name","value":"@body('Parse_JSON_2')?['productname']"}},"Build_the_string_2":{"runAfter":{"Set_variable_Product_Total_Price_2":["Succeeded"]},"metadata":{"operationMetadataId":"8cd9c201-298a-4415-a036-9acc8f71376b"},"type":"Compose","inputs":"@replace(replace(replace(replace(replace(variables('Each line'),'#name#',variables('Product_Name')),'#amount#',string(variables('Product_Total_Price'))),'#qty#',string(variables('Product_Quantity'))),'#unitprice#',string(variables('Unit_Price'))),'#item#',string(variables('Item_ID')))"},"Append_to_array_variable_2":{"runAfter":{"Build_the_string_2":["Succeeded"]},"metadata":{"operationMetadataId":"303a7ab1-3330-4c5b-8cd2-77061727e477"},"type":"AppendToArrayVariable","inputs":{"name":"Output_JSON","value":"@outputs('Build_the_string_2')"}},"Set_variable_Unit_Price_2":{"runAfter":{"Set_variable_Product_Quantity_2":["Succeeded"]},"metadata":{"operationMetadataId":"7fa648a1-f4f5-4cce-908a-d9f44a5dcb18"},"type":"SetVariable","inputs":{"name":"Unit_Price","value":"@{body('Parse_JSON_2')?['priceperunit']}"}},"Set_variable_Product_Quantity_2":{"runAfter":{"Set_variable_Product_Name_2":["Succeeded"]},"metadata":{"operationMetadataId":"5b4ac7d9-80b0-4bf4-a9f8-24095e3b1b79"},"type":"SetVariable","inputs":{"name":"Product_Quantity","value":"@body('Parse_JSON_2')?['quantity']"}},"Set_variable_Product_Total_Price_2":{"runAfter":{"Set_variable_Unit_Price_2":["Succeeded"]},"metadata":{"operationMetadataId":"05ea0918-fa9b-42a0-9afd-40ccddfa8af6"},"type":"SetVariable","inputs":{"name":"Product_Total_Price","value":"@{mul(body('Parse_JSON_2')?['priceperunit'], body('Parse_JSON_2')?['quantity'])}"}},"Parse_JSON_2":{"runAfter":{},"metadata":{"operationMetadataId":"021cb3cf-1df4-487f-802c-f75fd1586355"},"type":"ParseJson","inputs":{"content":"@items('Apply_to_each_2')","schema":{"type":"object","properties":{"@@odata.type":{"type":"string"},"@@odata.id":{"type":"string"},"@@odata.etag":{"type":"string"},"@@odata.editLink":{"type":"string"},"_owningbusinessunit_value@Microsoft.Dynamics.CRM.lookuplogicalname":{"type":"string"},"_owningbusinessunit_value@odata.type":{"type":"string"},"_owningbusinessunit_value":{"type":"string"},"priceperunit@OData.Community.Display.V1.FormattedValue":{"type":"string"},"priceperunit@odata.type":{"type":"string"},"priceperunit":{"type":["integer","number"]},"_productid_value@OData.Community.Display.V1.FormattedValue":{"type":"string"},"_productid_value@Microsoft.Dynamics.CRM.associatednavigationproperty":{"type":"string"},"_productid_value@Microsoft.Dynamics.CRM.lookuplogicalname":{"type":"string"},"_productid_value@odata.type":{"type":"string"},"_productid_value":{"type":"string"},"productname":{"type":"string"},"invoicestatecode":{"type":["integer","number"]},"invoicedetailname":{"type":"string"},"description":{"type":"string"},"createdon@OData.Community.Display.V1.FormattedValue":{"type":"string"},"createdon@odata.type":{"type":"string"},"createdon":{"type":"string"},"pricingerrorcode@OData.Community.Display.V1.FormattedValue":{"type":"string"},"pricingerrorcode":{"type":["integer","number"]},"productnumber":{"type":"string"},"_ownerid_value@OData.Community.Display.V1.FormattedValue":{"type":"string"},"_ownerid_value@Microsoft.Dynamics.CRM.lookuplogicalname":{"type":"string"},"_ownerid_value@odata.type":{"type":"string"},"_ownerid_value":{"type":"string"},"producttypecode@OData.Community.Display.V1.FormattedValue":{"type":"string"},"producttypecode":{"type":["integer","number"]},"shipto_freighttermscode@OData.Community.Display.V1.FormattedValue":{"type":"string"},"shipto_freighttermscode":{"type":["integer","number"]},"modifiedon@OData.Community.Display.V1.FormattedValue":{"type":"string"},"modifiedon@odata.type":{"type":"string"},"modifiedon":{"type":"string"},"_transactioncurrencyid_value@OData.Community.Display.V1.FormattedValue":{"type":"string"},"_transactioncurrencyid_value@Microsoft.Dynamics.CRM.associatednavigationproperty":{"type":"string"},"_transactioncurrencyid_value@Microsoft.Dynamics.CRM.lookuplogicalname":{"type":"string"},"_transactioncurrencyid_value@odata.type":{"type":"string"},"_transactioncurrencyid_value":{"type":"string"},"propertyconfigurationstatus@OData.Community.Display.V1.FormattedValue":{"type":"string"},"propertyconfigurationstatus":{"type":["integer","number"]},"volumediscountamount_base@OData.Community.Display.V1.FormattedValue":{"type":"string"},"volumediscountamount_base@odata.type":{"type":"string"},"volumediscountamount_base":{"type":["integer","number"]},"versionnumber@OData.Community.Display.V1.FormattedValue":{"type":"string"},"versionnumber@odata.type":{"type":"string"},"versionnumber":{"type":["integer","number"]},"extendedamount_base@OData.Community.Display.V1.FormattedValue":{"type":"string"},"extendedamount_base@odata.type":{"type":"string"},"extendedamount_base":{"type":["integer","number"]},"extendedamount@OData.Community.Display.V1.FormattedValue":{"type":"string"},"extendedamount@odata.type":{"type":"string"},"extendedamount":{"type":["integer","number"]},"invoicedetailid@odata.type":{"type":"string"},"invoicedetailid":{"type":"string"},"exchangerate@OData.Community.Display.V1.FormattedValue":{"type":"string"},"exchangerate@odata.type":{"type":"string"},"exchangerate":{"type":["integer","number"]},"quantity@OData.Community.Display.V1.FormattedValue":{"type":"string"},"quantity@odata.type":{"type":"string"},"quantity":{"type":["integer","number"]},"priceperunit_base@OData.Community.Display.V1.FormattedValue":{"type":"string"},"priceperunit_base@odata.type":{"type":"string"},"priceperunit_base":{"type":["integer","number"]},"_invoiceid_value@OData.Community.Display.V1.FormattedValue":{"type":"string"},"_invoiceid_value@Microsoft.Dynamics.CRM.associatednavigationproperty":{"type":"string"},"_invoiceid_value@Microsoft.Dynamics.CRM.lookuplogicalname":{"type":"string"},"_invoiceid_value@odata.type":{"type":"string"},"_invoiceid_value":{"type":"string"},"_modifiedby_value@OData.Community.Display.V1.FormattedValue":{"type":"string"},"_modifiedby_value@Microsoft.Dynamics.CRM.lookuplogicalname":{"type":"string"},"_modifiedby_value@odata.type":{"type":"string"},"_modifiedby_value":{"type":"string"},"baseamount_base@OData.Community.Display.V1.FormattedValue":{"type":"string"},"baseamount_base@odata.type":{"type":"string"},"baseamount_base":{"type":["integer","number"]},"isproductoverridden@OData.Community.Display.V1.FormattedValue":{"type":"string"},"isproductoverridden":{"type":"boolean"},"baseamount@OData.Community.Display.V1.FormattedValue":{"type":"string"},"baseamount@odata.type":{"type":"string"},"baseamount":{"type":["integer","number"]},"volumediscountamount@OData.Community.Display.V1.FormattedValue":{"type":"string"},"volumediscountamount@odata.type":{"type":"string"},"volumediscountamount":{"type":["integer","number"]},"ispriceoverridden@OData.Community.Display.V1.FormattedValue":{"type":"string"},"ispriceoverridden":{"type":"boolean"},"invoiceispricelocked@OData.Community.Display.V1.FormattedValue":{"type":"string"},"invoiceispricelocked":{"type":"boolean"},"sequencenumber@OData.Community.Display.V1.FormattedValue":{"type":"string"},"sequencenumber":{"type":["integer","number"]},"_uomid_value@OData.Community.Display.V1.FormattedValue":{"type":"string"},"_uomid_value@Microsoft.Dynamics.CRM.associatednavigationproperty":{"type":"string"},"_uomid_value@Microsoft.Dynamics.CRM.lookuplogicalname":{"type":"string"},"_uomid_value@odata.type":{"type":"string"},"_uomid_value":{"type":"string"},"iscopied@OData.Community.Display.V1.FormattedValue":{"type":"string"},"iscopied":{"type":"boolean"},"_createdby_value@OData.Community.Display.V1.FormattedValue":{"type":"string"},"_createdby_value@Microsoft.Dynamics.CRM.lookuplogicalname":{"type":"string"},"_createdby_value@odata.type":{"type":"string"},"_createdby_value":{"type":"string"},"_owninguser_value@Microsoft.Dynamics.CRM.lookuplogicalname":{"type":"string"},"_owninguser_value@odata.type":{"type":"string"},"_owninguser_value":{"type":"string"},"willcall@OData.Community.Display.V1.FormattedValue":{"type":"string"},"willcall":{"type":"boolean"},"skippricecalculation@OData.Community.Display.V1.FormattedValue":{"type":"string"},"skippricecalculation":{"type":["integer","number"]},"productid@odata.associationLink":{"type":"string"},"productid@odata.navigationLink":{"type":"string"},"transactioncurrencyid@odata.associationLink":{"type":"string"},"transactioncurrencyid@odata.navigationLink":{"type":"string"},"invoiceid@odata.associationLink":{"type":"string"},"invoiceid@odata.navigationLink":{"type":"string"},"uomid@odata.associationLink":{"type":"string"},"uomid@odata.navigationLink":{"type":"string"},"createdby@odata.associationLink":{"type":"string"},"createdby@odata.navigationLink":{"type":"string"},"createdonbehalfby@odata.associationLink":{"type":"string"},"createdonbehalfby@odata.navigationLink":{"type":"string"},"modifiedby@odata.associationLink":{"type":"string"},"modifiedby@odata.navigationLink":{"type":"string"},"modifiedonbehalfby@odata.associationLink":{"type":"string"},"modifiedonbehalfby@odata.navigationLink":{"type":"string"},"owninguser@odata.associationLink":{"type":"string"},"owninguser@odata.navigationLink":{"type":"string"},"owningteam@odata.associationLink":{"type":"string"},"owningteam@odata.navigationLink":{"type":"string"},"InvoiceDetail_SyncErrors@odata.associationLink":{"type":"string"},"InvoiceDetail_SyncErrors@odata.navigationLink":{"type":"string"},"InvoiceDetail_AsyncOperations@odata.associationLink":{"type":"string"},"InvoiceDetail_AsyncOperations@odata.navigationLink":{"type":"string"},"invoicedetail_MailboxTrackingFolders@odata.associationLink":{"type":"string"},"invoicedetail_MailboxTrackingFolders@odata.navigationLink":{"type":"string"},"userentityinstancedata_invoicedetail@odata.associationLink":{"type":"string"},"userentityinstancedata_invoicedetail@odata.navigationLink":{"type":"string"},"InvoiceDetail_ProcessSessions@odata.associationLink":{"type":"string"},"InvoiceDetail_ProcessSessions@odata.navigationLink":{"type":"string"},"InvoiceDetail_BulkDeleteFailures@odata.associationLink":{"type":"string"},"InvoiceDetail_BulkDeleteFailures@odata.navigationLink":{"type":"string"},"invoicedetail_principalobjectattributeaccess@odata.associationLink":{"type":"string"},"invoicedetail_principalobjectattributeaccess@odata.navigationLink":{"type":"string"},"InvoiceDetail_Dynamicpropertyinstance@odata.associationLink":{"type":"string"},"InvoiceDetail_Dynamicpropertyinstance@odata.navigationLink":{"type":"string"},"parentbundleid_invoicedetail@odata.associationLink":{"type":"string"},"parentbundleid_invoicedetail@odata.navigationLink":{"type":"string"},"invoicedetail_parent_invoicedetail@odata.associationLink":{"type":"string"},"invoicedetail_parent_invoicedetail@odata.navigationLink":{"type":"string"},"salesrepid@odata.associationLink":{"type":"string"},"salesrepid@odata.navigationLink":{"type":"string"},"productassociationid_productassociation@odata.associationLink":{"type":"string"},"productassociationid_productassociation@odata.navigationLink":{"type":"string"},"parentbundleidref_invoicedetail@odata.associationLink":{"type":"string"},"parentbundleidref_invoicedetail@odata.navigationLink":{"type":"string"},"invoicedetail_parentref_invoicedetail@odata.associationLink":{"type":"string"},"invoicedetail_parentref_invoicedetail@odata.navigationLink":{"type":"string"},"SalesOrderDetailId@odata.associationLink":{"type":"string"},"SalesOrderDetailId@odata.navigationLink":{"type":"string"},"#Microsoft.Dynamics.CRM.RetrieveProductProperties()":{"type":"object","properties":{"title":{"type":"string"},"target":{"type":"string"}}}}}}},"Get_a_row_by_ID_Product":{"runAfter":{"Parse_JSON_2":["Succeeded"]},"metadata":{"operationMetadataId":"380e015f-43c9-474b-941c-6c4271341197"},"type":"OpenApiConnection","inputs":{"host":{"apiId":"/providers/Microsoft.PowerApps/apis/shared_commondataserviceforapps","connectionName":"shared_commondataserviceforapps","operationId":"GetItem"},"parameters":{"entityName":"products","recordId":"@items('Apply_to_each_2')?['_productid_value']"},"authentication":"@parameters('$authentication')"}},"Set_variable_Item_ID_2":{"runAfter":{"Get_a_row_by_ID_Product":["Succeeded"]},"metadata":{"operationMetadataId":"d4ee6792-64f4-449f-8e8d-17cf1939ab34"},"type":"SetVariable","inputs":{"name":"Item_ID","value":"@outputs('Get_a_row_by_ID_Product')?['body/clds_quickbooksproductitemid']"}}},"runAfter":{"List_rows_-_retrieve_producs_associated_with_invoice_2":["Succeeded"]},"metadata":{"operationMetadataId":"5fa599f0-c2a4-4628-8103-f04fbc64634a"},"type":"Foreach"},"Convert_the_array_to_a_string_2":{"runAfter":{"Apply_to_each_2":["Succeeded"]},"metadata":{"operationMetadataId":"08ed3ef1-8fbd-4d09-b1d5-80389ba13350"},"type":"Compose","inputs":"@join(variables('Output_JSON'), ',')"},"Generates_the_json_element_2":{"runAfter":{"Convert_the_array_to_a_string_2":["Succeeded"]},"metadata":{"operationMetadataId":"6a6fff9d-6347-42b7-9bfb-ff0455aab88e"},"type":"Compose","inputs":"@json(concat('[', outputs('Convert_the_array_to_a_string_2'), ']'))"},"Parse_JSON_4":{"runAfter":{"Invoice-Create":["Succeeded"]},"metadata":{"operationMetadataId":"79e1b73a-0c43-4677-a85c-9a81e4e1dc3a"},"type":"ParseJson","inputs":{"content":"@body('Invoice-Create')","schema":{"type":"object","properties":{"Invoice":{"type":"object","properties":{"AllowIPNPayment":{"type":"boolean"},"AllowOnlinePayment":{"type":"boolean"},"AllowOnlineCreditCardPayment":{"type":"boolean"},"AllowOnlineACHPayment":{"type":"boolean"},"domain":{"type":"string"},"sparse":{"type":"boolean"},"Id":{"type":"string"},"SyncToken":{"type":"string"},"MetaData":{"type":"object","properties":{"CreateTime":{"type":"string"},"LastUpdatedTime":{"type":"string"}}},"CustomField":{"type":"array","items":{"type":"object","properties":{"DefinitionId":{"type":"string"},"Name":{"type":"string"},"Type":{"type":"string"}},"required":["DefinitionId","Name","Type"]}},"DocNumber":{"type":"string"},"TxnDate":{"type":"string"},"CurrencyRef":{"type":"object","properties":{"value":{"type":"string"},"name":{"type":"string"}}},"LinkedTxn":{"type":"array"},"Line":{"type":"array","items":{"type":"object","properties":{"Id":{"type":"string"},"LineNum":{"type":["integer","number"]},"Description":{"type":"string"},"Amount":{"type":["integer","number"]},"DetailType":{"type":"string"},"SalesItemLineDetail":{"type":"object","properties":{"ItemRef":{"type":"object","properties":{"value":{"type":"string"},"name":{"type":"string"}}},"UnitPrice":{"type":["integer","number"]},"Qty":{"type":["integer","number"]},"TaxCodeRef":{"type":"object","properties":{"value":{"type":"string"}}}}},"SubTotalLineDetail":{"type":"object","properties":{}}},"required":["Amount","DetailType"]}},"TxnTaxDetail":{"type":"object","properties":{"TotalTax":{"type":["integer","number"]}}},"CustomerRef":{"type":"object","properties":{"value":{"type":"string"},"name":{"type":"string"}}},"BillAddr":{"type":"object","properties":{"Id":{"type":"string"},"Line1":{"type":"string"},"City":{"type":"string"},"Country":{"type":"string"},"PostalCode":{"type":"string"}}},"DueDate":{"type":"string"},"TotalAmt":{"type":"number"},"ApplyTaxAfterDiscount":{"type":"boolean"},"PrintStatus":{"type":"string"},"EmailStatus":{"type":"string"},"Balance":{"type":"number"}}},"time":{"type":"string"}}}}},"Update_a_row_Invoice_2_":{"runAfter":{"Parse_JSON_4":["Succeeded"]},"metadata":{"operationMetadataId":"3c291d95-f4ae-40a4-bebe-f8e1775e8e91"},"type":"OpenApiConnection","inputs":{"host":{"apiId":"/providers/Microsoft.PowerApps/apis/shared_commondataserviceforapps","connectionName":"shared_commondataserviceforapps","operationId":"UpdateRecord"},"parameters":{"entityName":"invoices","recordId":"@outputs('Get_a_row_by_ID_(Invoice)')?['body/invoiceid']","item/statuscode":4,"item/crc98_quickbooks_invoice_id":"@body('Parse_JSON_4')?['Invoice']?['Id']"},"authentication":"@parameters('$authentication')"}},"Invoice-Send_2":{"runAfter":{"Update_a_row_Invoice_2_":["Succeeded"]},"metadata":{"operationMetadataId":"ac0a3ca7-8049-4919-8977-35fcb47dac47"},"type":"OpenApiConnection","inputs":{"host":{"apiId":"/providers/Microsoft.PowerApps/apis/shared_quickbooks-5fb15d7e221c74691f-5fa3c946fbaf33fd73","connectionName":"shared_quickbooks-5fb15d7e221c74691f-5fa3c946fbaf33fd73","operationId":"Invoice-Send"},"parameters":{"companyid":"4620816365213924760","invoiceId":"@body('Parse_JSON_4')?['Invoice']?['Id']","sendTo":"@outputs('Get_a_row_by_ID_(Accounts)')?['body/emailaddress1']","Content-type":"application/octet-stream"},"authentication":{"value":"@json(decodeBase64(triggerOutputs().headers['X-MS-APIM-Tokens']))['$ConnectionKey']","type":"Raw"}}}}},"expression":{"equals":["@outputs('Get_a_row_by_ID_(Accounts)')?['body/clds_quickbooks_customer_id']","@null"]},"metadata":{"operationMetadataId":"297e22c0-6641-454c-8918-708fed99507d"},"type":"If"}},"runAfter":{"Get_a_row_by_ID_(Invoice)":["Succeeded"]},"else":{"actions":{"Get_a_row_by_ID_(Contacts)":{"runAfter":{},"metadata":{"operationMetadataId":"1bd0f41b-9021-4540-88e9-d32b683e57ba"},"type":"OpenApiConnection","inputs":{"host":{"apiId":"/providers/Microsoft.PowerApps/apis/shared_commondataserviceforapps","connectionName":"shared_commondataserviceforapps","operationId":"GetItem"},"parameters":{"entityName":"contacts","recordId":"@outputs('Get_a_row_by_ID_(Invoice)')?['body/_customerid_value']"},"authentication":"@parameters('$authentication')"}},"Condition":{"actions":{"Customer-Create_2":{"runAfter":{},"metadata":{"operationMetadataId":"813c791d-c19e-4bba-92e4-d971eb4d7096"},"type":"OpenApiConnection","inputs":{"host":{"apiId":"/providers/Microsoft.PowerApps/apis/shared_quickbooks-5fb15d7e221c74691f-5fa3c946fbaf33fd73","connectionName":"shared_quickbooks-5fb15d7e221c74691f-5fa3c946fbaf33fd73","operationId":"Customer-Create"},"parameters":{"companyid":"4620816365213924760","minorversion":"{{minorversion}}","User-Agent":"{{UserAgent}}","Accept":"application/json","Content-Type":"application/json","body/BillAddr/Line1":"@outputs('Get_a_row_by_ID_(Contacts)')?['body/address1_line1']","body/BillAddr/City":"@outputs('Get_a_row_by_ID_(Contacts)')?['body/address1_city']","body/BillAddr/Country":"@outputs('Get_a_row_by_ID_(Contacts)')?['body/address1_country']","body/BillAddr/PostalCode":"@outputs('Get_a_row_by_ID_(Contacts)')?['body/address1_postalcode']","body/DisplayName":"@outputs('Get_a_row_by_ID_(Contacts)')?['body/fullname']","body/PrimaryPhone/FreeFormNumber":"@outputs('Get_a_row_by_ID_(Contacts)')?['body/telephone1']","body/PrimaryEmailAddr/Address":"@outputs('Get_a_row_by_ID_(Contacts)')?['body/emailaddress1']"},"authentication":{"value":"@json(decodeBase64(triggerOutputs().headers['X-MS-APIM-Tokens']))['$ConnectionKey']","type":"Raw"}}},"Parse_JSON_Customer_2":{"runAfter":{"Customer-Create_2":["Succeeded"]},"metadata":{"operationMetadataId":"8ff8bfff-097b-4c9a-b2ad-9634fc1f4cb8"},"type":"ParseJson","inputs":{"content":"@body('Customer-Create_2')","schema":{"type":"object","properties":{"Customer":{"type":"object","properties":{"Taxable":{"type":"boolean"},"BillAddr":{"type":"object","properties":{"Id":{"type":"string"},"Line1":{"type":"string"},"City":{"type":"string"},"Country":{"type":"string"},"PostalCode":{"type":"string"}}},"Job":{"type":"boolean"},"BillWithParent":{"type":"boolean"},"Balance":{"type":"integer"},"BalanceWithJobs":{"type":"integer"},"CurrencyRef":{"type":"object","properties":{"value":{"type":"string"},"name":{"type":"string"}}},"PreferredDeliveryMethod":{"type":"string"},"domain":{"type":"string"},"sparse":{"type":"boolean"},"Id":{"type":"string"},"SyncToken":{"type":"string"},"MetaData":{"type":"object","properties":{"CreateTime":{"type":"string"},"LastUpdatedTime":{"type":"string"}}},"FullyQualifiedName":{"type":"string"},"DisplayName":{"type":"string"},"PrintOnCheckName":{"type":"string"},"Active":{"type":"boolean"},"PrimaryPhone":{"type":"object","properties":{"FreeFormNumber":{"type":"string"}}},"DefaultTaxCodeRef":{"type":"object","properties":{"value":{"type":"string"}}}}},"time":{"type":"string"}}}}},"Update_a_row_Contact":{"runAfter":{"Parse_JSON_Customer_2":["Succeeded"]},"metadata":{"operationMetadataId":"7c033af4-233c-4af9-857a-7cd604f6177e"},"type":"OpenApiConnection","inputs":{"host":{"apiId":"/providers/Microsoft.PowerApps/apis/shared_commondataserviceforapps","connectionName":"shared_commondataserviceforapps","operationId":"UpdateRecord"},"parameters":{"entityName":"contacts","recordId":"@outputs('Get_a_row_by_ID_(Contacts)')?['body/contactid']","item/clds_quickbooks_customer_id":"@body('Parse_JSON_Customer_2')?['Customer']?['Id']"},"authentication":"@parameters('$authentication')"}},"List_rows_-_retrieve_producs_associated_with_invoice_3":{"runAfter":{"Update_a_row_Contact":["Succeeded"]},"metadata":{"operationMetadataId":"4876ad39-b505-4d5b-862d-adb5ef75e4a4"},"type":"OpenApiConnection","inputs":{"host":{"apiId":"/providers/Microsoft.PowerApps/apis/shared_commondataserviceforapps","connectionName":"shared_commondataserviceforapps","operationId":"ListRecords"},"parameters":{"entityName":"invoicedetails","$filter":"_invoiceid_value eq @{outputs('Get_a_row_by_ID_(Invoice)')?['body/invoiceid']}"},"authentication":"@parameters('$authentication')"}},"Apply_to_each_3":{"foreach":"@outputs('List_rows_-_retrieve_producs_associated_with_invoice_3')?['body/value']","actions":{"Parse_JSON_5":{"runAfter":{},"metadata":{"operationMetadataId":"021cb3cf-1df4-487f-802c-f75fd1586355"},"type":"ParseJson","inputs":{"content":"@items('Apply_to_each_3')","schema":{"type":"object","properties":{"@@odata.type":{"type":"string"},"@@odata.id":{"type":"string"},"@@odata.etag":{"type":"string"},"@@odata.editLink":{"type":"string"},"_owningbusinessunit_value@Microsoft.Dynamics.CRM.lookuplogicalname":{"type":"string"},"_owningbusinessunit_value@odata.type":{"type":"string"},"_owningbusinessunit_value":{"type":"string"},"priceperunit@OData.Community.Display.V1.FormattedValue":{"type":"string"},"priceperunit@odata.type":{"type":"string"},"priceperunit":{"type":["integer","number"]},"_productid_value@OData.Community.Display.V1.FormattedValue":{"type":"string"},"_productid_value@Microsoft.Dynamics.CRM.associatednavigationproperty":{"type":"string"},"_productid_value@Microsoft.Dynamics.CRM.lookuplogicalname":{"type":"string"},"_productid_value@odata.type":{"type":"string"},"_productid_value":{"type":"string"},"productname":{"type":"string"},"invoicestatecode":{"type":["integer","number"]},"invoicedetailname":{"type":"string"},"description":{"type":"string"},"createdon@OData.Community.Display.V1.FormattedValue":{"type":"string"},"createdon@odata.type":{"type":"string"},"createdon":{"type":"string"},"pricingerrorcode@OData.Community.Display.V1.FormattedValue":{"type":"string"},"pricingerrorcode":{"type":["integer","number"]},"productnumber":{"type":"string"},"_ownerid_value@OData.Community.Display.V1.FormattedValue":{"type":"string"},"_ownerid_value@Microsoft.Dynamics.CRM.lookuplogicalname":{"type":"string"},"_ownerid_value@odata.type":{"type":"string"},"_ownerid_value":{"type":"string"},"producttypecode@OData.Community.Display.V1.FormattedValue":{"type":"string"},"producttypecode":{"type":["integer","number"]},"shipto_freighttermscode@OData.Community.Display.V1.FormattedValue":{"type":"string"},"shipto_freighttermscode":{"type":["integer","number"]},"modifiedon@OData.Community.Display.V1.FormattedValue":{"type":"string"},"modifiedon@odata.type":{"type":"string"},"modifiedon":{"type":"string"},"_transactioncurrencyid_value@OData.Community.Display.V1.FormattedValue":{"type":"string"},"_transactioncurrencyid_value@Microsoft.Dynamics.CRM.associatednavigationproperty":{"type":"string"},"_transactioncurrencyid_value@Microsoft.Dynamics.CRM.lookuplogicalname":{"type":"string"},"_transactioncurrencyid_value@odata.type":{"type":"string"},"_transactioncurrencyid_value":{"type":"string"},"propertyconfigurationstatus@OData.Community.Display.V1.FormattedValue":{"type":"string"},"propertyconfigurationstatus":{"type":["integer","number"]},"volumediscountamount_base@OData.Community.Display.V1.FormattedValue":{"type":"string"},"volumediscountamount_base@odata.type":{"type":"string"},"volumediscountamount_base":{"type":["integer","number"]},"versionnumber@OData.Community.Display.V1.FormattedValue":{"type":"string"},"versionnumber@odata.type":{"type":"string"},"versionnumber":{"type":["integer","number"]},"extendedamount_base@OData.Community.Display.V1.FormattedValue":{"type":"string"},"extendedamount_base@odata.type":{"type":"string"},"extendedamount_base":{"type":["integer","number"]},"extendedamount@OData.Community.Display.V1.FormattedValue":{"type":"string"},"extendedamount@odata.type":{"type":"string"},"extendedamount":{"type":["integer","number"]},"invoicedetailid@odata.type":{"type":"string"},"invoicedetailid":{"type":"string"},"exchangerate@OData.Community.Display.V1.FormattedValue":{"type":"string"},"exchangerate@odata.type":{"type":"string"},"exchangerate":{"type":["integer","number"]},"quantity@OData.Community.Display.V1.FormattedValue":{"type":"string"},"quantity@odata.type":{"type":"string"},"quantity":{"type":["integer","number"]},"priceperunit_base@OData.Community.Display.V1.FormattedValue":{"type":"string"},"priceperunit_base@odata.type":{"type":"string"},"priceperunit_base":{"type":["integer","number"]},"_invoiceid_value@OData.Community.Display.V1.FormattedValue":{"type":"string"},"_invoiceid_value@Microsoft.Dynamics.CRM.associatednavigationproperty":{"type":"string"},"_invoiceid_value@Microsoft.Dynamics.CRM.lookuplogicalname":{"type":"string"},"_invoiceid_value@odata.type":{"type":"string"},"_invoiceid_value":{"type":"string"},"_modifiedby_value@OData.Community.Display.V1.FormattedValue":{"type":"string"},"_modifiedby_value@Microsoft.Dynamics.CRM.lookuplogicalname":{"type":"string"},"_modifiedby_value@odata.type":{"type":"string"},"_modifiedby_value":{"type":"string"},"baseamount_base@OData.Community.Display.V1.FormattedValue":{"type":"string"},"baseamount_base@odata.type":{"type":"string"},"baseamount_base":{"type":["integer","number"]},"isproductoverridden@OData.Community.Display.V1.FormattedValue":{"type":"string"},"isproductoverridden":{"type":"boolean"},"baseamount@OData.Community.Display.V1.FormattedValue":{"type":"string"},"baseamount@odata.type":{"type":"string"},"baseamount":{"type":["integer","number"]},"volumediscountamount@OData.Community.Display.V1.FormattedValue":{"type":"string"},"volumediscountamount@odata.type":{"type":"string"},"volumediscountamount":{"type":["integer","number"]},"ispriceoverridden@OData.Community.Display.V1.FormattedValue":{"type":"string"},"ispriceoverridden":{"type":"boolean"},"invoiceispricelocked@OData.Community.Display.V1.FormattedValue":{"type":"string"},"invoiceispricelocked":{"type":"boolean"},"sequencenumber@OData.Community.Display.V1.FormattedValue":{"type":"string"},"sequencenumber":{"type":["integer","number"]},"_uomid_value@OData.Community.Display.V1.FormattedValue":{"type":"string"},"_uomid_value@Microsoft.Dynamics.CRM.associatednavigationproperty":{"type":"string"},"_uomid_value@Microsoft.Dynamics.CRM.lookuplogicalname":{"type":"string"},"_uomid_value@odata.type":{"type":"string"},"_uomid_value":{"type":"string"},"iscopied@OData.Community.Display.V1.FormattedValue":{"type":"string"},"iscopied":{"type":"boolean"},"_createdby_value@OData.Community.Display.V1.FormattedValue":{"type":"string"},"_createdby_value@Microsoft.Dynamics.CRM.lookuplogicalname":{"type":"string"},"_createdby_value@odata.type":{"type":"string"},"_createdby_value":{"type":"string"},"_owninguser_value@Microsoft.Dynamics.CRM.lookuplogicalname":{"type":"string"},"_owninguser_value@odata.type":{"type":"string"},"_owninguser_value":{"type":"string"},"willcall@OData.Community.Display.V1.FormattedValue":{"type":"string"},"willcall":{"type":"boolean"},"skippricecalculation@OData.Community.Display.V1.FormattedValue":{"type":"string"},"skippricecalculation":{"type":["integer","number"]},"productid@odata.associationLink":{"type":"string"},"productid@odata.navigationLink":{"type":"string"},"transactioncurrencyid@odata.associationLink":{"type":"string"},"transactioncurrencyid@odata.navigationLink":{"type":"string"},"invoiceid@odata.associationLink":{"type":"string"},"invoiceid@odata.navigationLink":{"type":"string"},"uomid@odata.associationLink":{"type":"string"},"uomid@odata.navigationLink":{"type":"string"},"createdby@odata.associationLink":{"type":"string"},"createdby@odata.navigationLink":{"type":"string"},"createdonbehalfby@odata.associationLink":{"type":"string"},"createdonbehalfby@odata.navigationLink":{"type":"string"},"modifiedby@odata.associationLink":{"type":"string"},"modifiedby@odata.navigationLink":{"type":"string"},"modifiedonbehalfby@odata.associationLink":{"type":"string"},"modifiedonbehalfby@odata.navigationLink":{"type":"string"},"owninguser@odata.associationLink":{"type":"string"},"owninguser@odata.navigationLink":{"type":"string"},"owningteam@odata.associationLink":{"type":"string"},"owningteam@odata.navigationLink":{"type":"string"},"InvoiceDetail_SyncErrors@odata.associationLink":{"type":"string"},"InvoiceDetail_SyncErrors@odata.navigationLink":{"type":"string"},"InvoiceDetail_AsyncOperations@odata.associationLink":{"type":"string"},"InvoiceDetail_AsyncOperations@odata.navigationLink":{"type":"string"},"invoicedetail_MailboxTrackingFolders@odata.associationLink":{"type":"string"},"invoicedetail_MailboxTrackingFolders@odata.navigationLink":{"type":"string"},"userentityinstancedata_invoicedetail@odata.associationLink":{"type":"string"},"userentityinstancedata_invoicedetail@odata.navigationLink":{"type":"string"},"InvoiceDetail_ProcessSessions@odata.associationLink":{"type":"string"},"InvoiceDetail_ProcessSessions@odata.navigationLink":{"type":"string"},"InvoiceDetail_BulkDeleteFailures@odata.associationLink":{"type":"string"},"InvoiceDetail_BulkDeleteFailures@odata.navigationLink":{"type":"string"},"invoicedetail_principalobjectattributeaccess@odata.associationLink":{"type":"string"},"invoicedetail_principalobjectattributeaccess@odata.navigationLink":{"type":"string"},"InvoiceDetail_Dynamicpropertyinstance@odata.associationLink":{"type":"string"},"InvoiceDetail_Dynamicpropertyinstance@odata.navigationLink":{"type":"string"},"parentbundleid_invoicedetail@odata.associationLink":{"type":"string"},"parentbundleid_invoicedetail@odata.navigationLink":{"type":"string"},"invoicedetail_parent_invoicedetail@odata.associationLink":{"type":"string"},"invoicedetail_parent_invoicedetail@odata.navigationLink":{"type":"string"},"salesrepid@odata.associationLink":{"type":"string"},"salesrepid@odata.navigationLink":{"type":"string"},"productassociationid_productassociation@odata.associationLink":{"type":"string"},"productassociationid_productassociation@odata.navigationLink":{"type":"string"},"parentbundleidref_invoicedetail@odata.associationLink":{"type":"string"},"parentbundleidref_invoicedetail@odata.navigationLink":{"type":"string"},"invoicedetail_parentref_invoicedetail@odata.associationLink":{"type":"string"},"invoicedetail_parentref_invoicedetail@odata.navigationLink":{"type":"string"},"SalesOrderDetailId@odata.associationLink":{"type":"string"},"SalesOrderDetailId@odata.navigationLink":{"type":"string"},"#Microsoft.Dynamics.CRM.RetrieveProductProperties()":{"type":"object","properties":{"title":{"type":"string"},"target":{"type":"string"}}}}}}},"Set_variable_Product_Name_3":{"runAfter":{"Set_variable_Item_ID_3":["Succeeded"]},"metadata":{"operationMetadataId":"9f53efcf-f382-408c-aa9a-a38d2db8ead4"},"type":"SetVariable","inputs":{"name":"Product_Name","value":"@body('Parse_JSON_5')?['productname']"}},"Build_the_string_3":{"runAfter":{"Set_variable_Product_Total_Price_3":["Succeeded"]},"metadata":{"operationMetadataId":"8cd9c201-298a-4415-a036-9acc8f71376b"},"type":"Compose","inputs":"@replace(replace(replace(replace(replace(variables('Each line'), '#name#', variables('Product_Name')), '#amount#', string(variables('Product_Total_Price'))), '#qty#', string(variables('Product_Quantity'))), '#unitprice#', string(variables('Unit_Price'))), '#item#', string(variables('Item_ID')))"},"Append_to_array_variable_3":{"runAfter":{"Build_the_string_3":["Succeeded"]},"metadata":{"operationMetadataId":"303a7ab1-3330-4c5b-8cd2-77061727e477"},"type":"AppendToArrayVariable","inputs":{"name":"Output_JSON","value":"@outputs('Build_the_string_3')"}},"Set_variable_Unit_Price_3":{"runAfter":{"Set_variable_Product_Quantity_3":["Succeeded"]},"metadata":{"operationMetadataId":"7fa648a1-f4f5-4cce-908a-d9f44a5dcb18"},"type":"SetVariable","inputs":{"name":"Unit_Price","value":"@{body('Parse_JSON_5')?['priceperunit']}"}},"Set_variable_Product_Quantity_3":{"runAfter":{"Set_variable_Product_Name_3":["Succeeded"]},"metadata":{"operationMetadataId":"5b4ac7d9-80b0-4bf4-a9f8-24095e3b1b79"},"type":"SetVariable","inputs":{"name":"Product_Quantity","value":"@body('Parse_JSON_5')?['quantity']"}},"Set_variable_Product_Total_Price_3":{"runAfter":{"Set_variable_Unit_Price_3":["Succeeded"]},"metadata":{"operationMetadataId":"05ea0918-fa9b-42a0-9afd-40ccddfa8af6"},"type":"SetVariable","inputs":{"name":"Product_Total_Price","value":"@{mul(body('Parse_JSON_5')?['priceperunit'], body('Parse_JSON_5')?['quantity'])}"}},"Get_a_row_by_ID_Product_3":{"runAfter":{"Parse_JSON_5":["Succeeded"]},"metadata":{"operationMetadataId":"e48c87c5-747b-4aa9-8e1e-122a89ac81f6"},"type":"OpenApiConnection","inputs":{"host":{"apiId":"/providers/Microsoft.PowerApps/apis/shared_commondataserviceforapps","connectionName":"shared_commondataserviceforapps","operationId":"GetItem"},"parameters":{"entityName":"products","recordId":"@items('Apply_to_each_3')?['_productid_value']"},"authentication":"@parameters('$authentication')"}},"Set_variable_Item_ID_3":{"runAfter":{"Get_a_row_by_ID_Product_3":["Succeeded"]},"metadata":{"operationMetadataId":"fb637b36-d57b-4645-a5fd-3de6362a9f38"},"type":"SetVariable","inputs":{"name":"Item_ID","value":"@outputs('Get_a_row_by_ID_Product_3')?['body/clds_quickbooksproductitemid']"}}},"runAfter":{"List_rows_-_retrieve_producs_associated_with_invoice_3":["Succeeded"]},"metadata":{"operationMetadataId":"5fa599f0-c2a4-4628-8103-f04fbc64634a"},"type":"Foreach"},"Convert_the_array_to_a_string_3":{"runAfter":{"Apply_to_each_3":["Succeeded"]},"metadata":{"operationMetadataId":"08ed3ef1-8fbd-4d09-b1d5-80389ba13350"},"type":"Compose","inputs":"@join(variables('Output_JSON'), ',')"},"Generates_the_json_element_3":{"runAfter":{"Convert_the_array_to_a_string_3":["Succeeded"]},"metadata":{"operationMetadataId":"6a6fff9d-6347-42b7-9bfb-ff0455aab88e"},"type":"Compose","inputs":"@json(concat('[', outputs('Convert_the_array_to_a_string_3'), ']'))"},"Invoice-Create_3":{"runAfter":{"Generates_the_json_element_3":["Succeeded"]},"metadata":{"operationMetadataId":"70a8b1d0-5c96-4689-95c0-1bc056b6d8d1"},"type":"OpenApiConnection","inputs":{"host":{"apiId":"/providers/Microsoft.PowerApps/apis/shared_quickbooks-5fb15d7e221c74691f-5fa3c946fbaf33fd73","connectionName":"shared_quickbooks-5fb15d7e221c74691f-5fa3c946fbaf33fd73","operationId":"Invoice-Create"},"parameters":{"companyid":"4620816365213924760","minorversion":"{{minorversion}}","User-Agent":"{{UserAgent}}","Accept":"application/json","Content-Type":"application/json","body/Line":"@outputs('Generates_the_json_element_3')","body/CustomerRef/value":"@outputs('Update_a_row_Contact')?['body/clds_quickbooks_customer_id']","body/DocNumber":"@outputs('Get_a_row_by_ID_(Invoice)')?['body/invoicenumber']"},"authentication":{"value":"@json(decodeBase64(triggerOutputs().headers['X-MS-APIM-Tokens']))['$ConnectionKey']","type":"Raw"}}},"Parse_JSON_6":{"runAfter":{"Invoice-Create_3":["Succeeded"]},"metadata":{"operationMetadataId":"c9e6d101-0fe3-4e16-bc33-c7f83c8132c1"},"type":"ParseJson","inputs":{"content":"@body('Invoice-Create_3')","schema":{"type":"object","properties":{"Invoice":{"type":"object","properties":{"AllowIPNPayment":{"type":"boolean"},"AllowOnlinePayment":{"type":"boolean"},"AllowOnlineCreditCardPayment":{"type":"boolean"},"AllowOnlineACHPayment":{"type":"boolean"},"domain":{"type":"string"},"sparse":{"type":"boolean"},"Id":{"type":"string"},"SyncToken":{"type":"string"},"MetaData":{"type":"object","properties":{"CreateTime":{"type":"string"},"LastUpdatedTime":{"type":"string"}}},"CustomField":{"type":"array","items":{"type":"object","properties":{"DefinitionId":{"type":"string"},"Name":{"type":"string"},"Type":{"type":"string"}},"required":["DefinitionId","Name","Type"]}},"DocNumber":{"type":"string"},"TxnDate":{"type":"string"},"CurrencyRef":{"type":"object","properties":{"value":{"type":"string"},"name":{"type":"string"}}},"LinkedTxn":{"type":"array"},"Line":{"type":"array","items":{"type":"object","properties":{"Id":{"type":"string"},"LineNum":{"type":["integer","number"]},"Description":{"type":"string"},"Amount":{"type":["integer","number"]},"DetailType":{"type":"string"},"SalesItemLineDetail":{"type":"object","properties":{"ItemRef":{"type":"object","properties":{"value":{"type":"string"},"name":{"type":"string"}}},"UnitPrice":{"type":["integer","number"]},"Qty":{"type":["integer","number"]},"TaxCodeRef":{"type":"object","properties":{"value":{"type":"string"}}}}},"SubTotalLineDetail":{"type":"object","properties":{}}},"required":["Amount","DetailType"]}},"TxnTaxDetail":{"type":"object","properties":{"TotalTax":{"type":["integer","number"]}}},"CustomerRef":{"type":"object","properties":{"value":{"type":"string"},"name":{"type":"string"}}},"BillAddr":{"type":"object","properties":{"Id":{"type":"string"},"Line1":{"type":"string"},"City":{"type":"string"},"Country":{"type":"string"},"PostalCode":{"type":"string"}}},"DueDate":{"type":"string"},"TotalAmt":{"type":"number"},"ApplyTaxAfterDiscount":{"type":"boolean"},"PrintStatus":{"type":"string"},"EmailStatus":{"type":"string"},"Balance":{"type":"number"}}},"time":{"type":"string"}}}}},"Invoice-Send_3":{"runAfter":{"Update_a_row":["Succeeded"]},"metadata":{"operationMetadataId":"5fe51caf-3357-4ee7-a1a4-faad0cc1c039"},"type":"OpenApiConnection","inputs":{"host":{"apiId":"/providers/Microsoft.PowerApps/apis/shared_quickbooks-5fb15d7e221c74691f-5fa3c946fbaf33fd73","connectionName":"shared_quickbooks-5fb15d7e221c74691f-5fa3c946fbaf33fd73","operationId":"Invoice-Send"},"parameters":{"companyid":"4620816365213924760","invoiceId":"@body('Parse_JSON_6')?['Invoice']?['Id']","sendTo":"@outputs('Get_a_row_by_ID_(Contacts)')?['body/emailaddress1']","Content-type":"application/octet-stream"},"authentication":{"value":"@json(decodeBase64(triggerOutputs().headers['X-MS-APIM-Tokens']))['$ConnectionKey']","type":"Raw"}}},"Update_a_row":{"runAfter":{"Parse_JSON_6":["Succeeded"]},"metadata":{"operationMetadataId":"2abdfa46-c2db-4458-a091-fb0e2de19a52"},"type":"OpenApiConnection","inputs":{"host":{"apiId":"/providers/Microsoft.PowerApps/apis/shared_commondataserviceforapps","connectionName":"shared_commondataserviceforapps","operationId":"UpdateRecord"},"parameters":{"entityName":"invoices","recordId":"@outputs('Get_a_row_by_ID_(Invoice)')?['body/invoiceid']","item/statuscode":4,"item/crc98_quickbooks_invoice_id":"@body('Parse_JSON_6')?['Invoice']?['Id']"},"authentication":"@parameters('$authentication')"}}},"runAfter":{"Get_a_row_by_ID_(Contacts)":["Succeeded"]},"else":{"actions":{"List_rows_-_retrieve_producs_associated_with_invoice_4":{"runAfter":{},"metadata":{"operationMetadataId":"4876ad39-b505-4d5b-862d-adb5ef75e4a4"},"type":"OpenApiConnection","inputs":{"host":{"apiId":"/providers/Microsoft.PowerApps/apis/shared_commondataserviceforapps","connectionName":"shared_commondataserviceforapps","operationId":"ListRecords"},"parameters":{"entityName":"invoicedetails","$filter":"_invoiceid_value eq @{outputs('Get_a_row_by_ID_(Invoice)')?['body/invoiceid']}"},"authentication":"@parameters('$authentication')"}},"Apply_to_each_4":{"foreach":"@outputs('List_rows_-_retrieve_producs_associated_with_invoice_4')?['body/value']","actions":{"Set_variable_Product_Name_4":{"runAfter":{"Set_variable_Item_ID_4":["Succeeded"]},"metadata":{"operationMetadataId":"9f53efcf-f382-408c-aa9a-a38d2db8ead4"},"type":"SetVariable","inputs":{"name":"Product_Name","value":"@body('Parse_JSON_7')?['productname']"}},"Build_the_string_4":{"runAfter":{"Set_variable_Product_Total_Price_4":["Succeeded"]},"metadata":{"operationMetadataId":"8cd9c201-298a-4415-a036-9acc8f71376b"},"type":"Compose","inputs":"@replace(replace(replace(replace(replace(variables('Each line'), '#name#', variables('Product_Name')), '#amount#', string(variables('Product_Total_Price'))), '#qty#', string(variables('Product_Quantity'))), '#unitprice#', string(variables('Unit_Price'))), '#item#', string(variables('Item_ID')))"},"Append_to_array_variable_4":{"runAfter":{"Build_the_string_4":["Succeeded"]},"metadata":{"operationMetadataId":"303a7ab1-3330-4c5b-8cd2-77061727e477"},"type":"AppendToArrayVariable","inputs":{"name":"Output_JSON","value":"@outputs('Build_the_string_4')"}},"Set_variable_Unit_Price_4":{"runAfter":{"Set_variable_Product_Quantity_4":["Succeeded"]},"metadata":{"operationMetadataId":"7fa648a1-f4f5-4cce-908a-d9f44a5dcb18"},"type":"SetVariable","inputs":{"name":"Unit_Price","value":"@{body('Parse_JSON_7')?['priceperunit']}"}},"Set_variable_Product_Quantity_4":{"runAfter":{"Set_variable_Product_Name_4":["Succeeded"]},"metadata":{"operationMetadataId":"5b4ac7d9-80b0-4bf4-a9f8-24095e3b1b79"},"type":"SetVariable","inputs":{"name":"Product_Quantity","value":"@body('Parse_JSON_7')?['quantity']"}},"Set_variable_Product_Total_Price_4":{"runAfter":{"Set_variable_Unit_Price_4":["Succeeded"]},"metadata":{"operationMetadataId":"05ea0918-fa9b-42a0-9afd-40ccddfa8af6"},"type":"SetVariable","inputs":{"name":"Product_Total_Price","value":"@{mul(body('Parse_JSON_7')?['priceperunit'], body('Parse_JSON_7')?['quantity'])}"}},"Parse_JSON_7":{"runAfter":{},"metadata":{"operationMetadataId":"021cb3cf-1df4-487f-802c-f75fd1586355"},"type":"ParseJson","inputs":{"content":"@items('Apply_to_each_4')","schema":{"type":"object","properties":{"@@odata.type":{"type":"string"},"@@odata.id":{"type":"string"},"@@odata.etag":{"type":"string"},"@@odata.editLink":{"type":"string"},"_owningbusinessunit_value@Microsoft.Dynamics.CRM.lookuplogicalname":{"type":"string"},"_owningbusinessunit_value@odata.type":{"type":"string"},"_owningbusinessunit_value":{"type":"string"},"priceperunit@OData.Community.Display.V1.FormattedValue":{"type":"string"},"priceperunit@odata.type":{"type":"string"},"priceperunit":{"type":["integer","number"]},"_productid_value@OData.Community.Display.V1.FormattedValue":{"type":"string"},"_productid_value@Microsoft.Dynamics.CRM.associatednavigationproperty":{"type":"string"},"_productid_value@Microsoft.Dynamics.CRM.lookuplogicalname":{"type":"string"},"_productid_value@odata.type":{"type":"string"},"_productid_value":{"type":"string"},"productname":{"type":"string"},"invoicestatecode":{"type":["integer","number"]},"invoicedetailname":{"type":"string"},"description":{"type":"string"},"createdon@OData.Community.Display.V1.FormattedValue":{"type":"string"},"createdon@odata.type":{"type":"string"},"createdon":{"type":"string"},"pricingerrorcode@OData.Community.Display.V1.FormattedValue":{"type":"string"},"pricingerrorcode":{"type":["integer","number"]},"productnumber":{"type":"string"},"_ownerid_value@OData.Community.Display.V1.FormattedValue":{"type":"string"},"_ownerid_value@Microsoft.Dynamics.CRM.lookuplogicalname":{"type":"string"},"_ownerid_value@odata.type":{"type":"string"},"_ownerid_value":{"type":"string"},"producttypecode@OData.Community.Display.V1.FormattedValue":{"type":"string"},"producttypecode":{"type":["integer","number"]},"shipto_freighttermscode@OData.Community.Display.V1.FormattedValue":{"type":"string"},"shipto_freighttermscode":{"type":["integer","number"]},"modifiedon@OData.Community.Display.V1.FormattedValue":{"type":"string"},"modifiedon@odata.type":{"type":"string"},"modifiedon":{"type":"string"},"_transactioncurrencyid_value@OData.Community.Display.V1.FormattedValue":{"type":"string"},"_transactioncurrencyid_value@Microsoft.Dynamics.CRM.associatednavigationproperty":{"type":"string"},"_transactioncurrencyid_value@Microsoft.Dynamics.CRM.lookuplogicalname":{"type":"string"},"_transactioncurrencyid_value@odata.type":{"type":"string"},"_transactioncurrencyid_value":{"type":"string"},"propertyconfigurationstatus@OData.Community.Display.V1.FormattedValue":{"type":"string"},"propertyconfigurationstatus":{"type":["integer","number"]},"volumediscountamount_base@OData.Community.Display.V1.FormattedValue":{"type":"string"},"volumediscountamount_base@odata.type":{"type":"string"},"volumediscountamount_base":{"type":["integer","number"]},"versionnumber@OData.Community.Display.V1.FormattedValue":{"type":"string"},"versionnumber@odata.type":{"type":"string"},"versionnumber":{"type":["integer","number"]},"extendedamount_base@OData.Community.Display.V1.FormattedValue":{"type":"string"},"extendedamount_base@odata.type":{"type":"string"},"extendedamount_base":{"type":["integer","number"]},"extendedamount@OData.Community.Display.V1.FormattedValue":{"type":"string"},"extendedamount@odata.type":{"type":"string"},"extendedamount":{"type":["integer","number"]},"invoicedetailid@odata.type":{"type":"string"},"invoicedetailid":{"type":"string"},"exchangerate@OData.Community.Display.V1.FormattedValue":{"type":"string"},"exchangerate@odata.type":{"type":"string"},"exchangerate":{"type":["integer","number"]},"quantity@OData.Community.Display.V1.FormattedValue":{"type":"string"},"quantity@odata.type":{"type":"string"},"quantity":{"type":["integer","number"]},"priceperunit_base@OData.Community.Display.V1.FormattedValue":{"type":"string"},"priceperunit_base@odata.type":{"type":"string"},"priceperunit_base":{"type":["integer","number"]},"_invoiceid_value@OData.Community.Display.V1.FormattedValue":{"type":"string"},"_invoiceid_value@Microsoft.Dynamics.CRM.associatednavigationproperty":{"type":"string"},"_invoiceid_value@Microsoft.Dynamics.CRM.lookuplogicalname":{"type":"string"},"_invoiceid_value@odata.type":{"type":"string"},"_invoiceid_value":{"type":"string"},"_modifiedby_value@OData.Community.Display.V1.FormattedValue":{"type":"string"},"_modifiedby_value@Microsoft.Dynamics.CRM.lookuplogicalname":{"type":"string"},"_modifiedby_value@odata.type":{"type":"string"},"_modifiedby_value":{"type":"string"},"baseamount_base@OData.Community.Display.V1.FormattedValue":{"type":"string"},"baseamount_base@odata.type":{"type":"string"},"baseamount_base":{"type":["integer","number"]},"isproductoverridden@OData.Community.Display.V1.FormattedValue":{"type":"string"},"isproductoverridden":{"type":"boolean"},"baseamount@OData.Community.Display.V1.FormattedValue":{"type":"string"},"baseamount@odata.type":{"type":"string"},"baseamount":{"type":["integer","number"]},"volumediscountamount@OData.Community.Display.V1.FormattedValue":{"type":"string"},"volumediscountamount@odata.type":{"type":"string"},"volumediscountamount":{"type":["integer","number"]},"ispriceoverridden@OData.Community.Display.V1.FormattedValue":{"type":"string"},"ispriceoverridden":{"type":"boolean"},"invoiceispricelocked@OData.Community.Display.V1.FormattedValue":{"type":"string"},"invoiceispricelocked":{"type":"boolean"},"sequencenumber@OData.Community.Display.V1.FormattedValue":{"type":"string"},"sequencenumber":{"type":["integer","number"]},"_uomid_value@OData.Community.Display.V1.FormattedValue":{"type":"string"},"_uomid_value@Microsoft.Dynamics.CRM.associatednavigationproperty":{"type":"string"},"_uomid_value@Microsoft.Dynamics.CRM.lookuplogicalname":{"type":"string"},"_uomid_value@odata.type":{"type":"string"},"_uomid_value":{"type":"string"},"iscopied@OData.Community.Display.V1.FormattedValue":{"type":"string"},"iscopied":{"type":"boolean"},"_createdby_value@OData.Community.Display.V1.FormattedValue":{"type":"string"},"_createdby_value@Microsoft.Dynamics.CRM.lookuplogicalname":{"type":"string"},"_createdby_value@odata.type":{"type":"string"},"_createdby_value":{"type":"string"},"_owninguser_value@Microsoft.Dynamics.CRM.lookuplogicalname":{"type":"string"},"_owninguser_value@odata.type":{"type":"string"},"_owninguser_value":{"type":"string"},"willcall@OData.Community.Display.V1.FormattedValue":{"type":"string"},"willcall":{"type":"boolean"},"skippricecalculation@OData.Community.Display.V1.FormattedValue":{"type":"string"},"skippricecalculation":{"type":["integer","number"]},"productid@odata.associationLink":{"type":"string"},"productid@odata.navigationLink":{"type":"string"},"transactioncurrencyid@odata.associationLink":{"type":"string"},"transactioncurrencyid@odata.navigationLink":{"type":"string"},"invoiceid@odata.associationLink":{"type":"string"},"invoiceid@odata.navigationLink":{"type":"string"},"uomid@odata.associationLink":{"type":"string"},"uomid@odata.navigationLink":{"type":"string"},"createdby@odata.associationLink":{"type":"string"},"createdby@odata.navigationLink":{"type":"string"},"createdonbehalfby@odata.associationLink":{"type":"string"},"createdonbehalfby@odata.navigationLink":{"type":"string"},"modifiedby@odata.associationLink":{"type":"string"},"modifiedby@odata.navigationLink":{"type":"string"},"modifiedonbehalfby@odata.associationLink":{"type":"string"},"modifiedonbehalfby@odata.navigationLink":{"type":"string"},"owninguser@odata.associationLink":{"type":"string"},"owninguser@odata.navigationLink":{"type":"string"},"owningteam@odata.associationLink":{"type":"string"},"owningteam@odata.navigationLink":{"type":"string"},"InvoiceDetail_SyncErrors@odata.associationLink":{"type":"string"},"InvoiceDetail_SyncErrors@odata.navigationLink":{"type":"string"},"InvoiceDetail_AsyncOperations@odata.associationLink":{"type":"string"},"InvoiceDetail_AsyncOperations@odata.navigationLink":{"type":"string"},"invoicedetail_MailboxTrackingFolders@odata.associationLink":{"type":"string"},"invoicedetail_MailboxTrackingFolders@odata.navigationLink":{"type":"string"},"userentityinstancedata_invoicedetail@odata.associationLink":{"type":"string"},"userentityinstancedata_invoicedetail@odata.navigationLink":{"type":"string"},"InvoiceDetail_ProcessSessions@odata.associationLink":{"type":"string"},"InvoiceDetail_ProcessSessions@odata.navigationLink":{"type":"string"},"InvoiceDetail_BulkDeleteFailures@odata.associationLink":{"type":"string"},"InvoiceDetail_BulkDeleteFailures@odata.navigationLink":{"type":"string"},"invoicedetail_principalobjectattributeaccess@odata.associationLink":{"type":"string"},"invoicedetail_principalobjectattributeaccess@odata.navigationLink":{"type":"string"},"InvoiceDetail_Dynamicpropertyinstance@odata.associationLink":{"type":"string"},"InvoiceDetail_Dynamicpropertyinstance@odata.navigationLink":{"type":"string"},"parentbundleid_invoicedetail@odata.associationLink":{"type":"string"},"parentbundleid_invoicedetail@odata.navigationLink":{"type":"string"},"invoicedetail_parent_invoicedetail@odata.associationLink":{"type":"string"},"invoicedetail_parent_invoicedetail@odata.navigationLink":{"type":"string"},"salesrepid@odata.associationLink":{"type":"string"},"salesrepid@odata.navigationLink":{"type":"string"},"productassociationid_productassociation@odata.associationLink":{"type":"string"},"productassociationid_productassociation@odata.navigationLink":{"type":"string"},"parentbundleidref_invoicedetail@odata.associationLink":{"type":"string"},"parentbundleidref_invoicedetail@odata.navigationLink":{"type":"string"},"invoicedetail_parentref_invoicedetail@odata.associationLink":{"type":"string"},"invoicedetail_parentref_invoicedetail@odata.navigationLink":{"type":"string"},"SalesOrderDetailId@odata.associationLink":{"type":"string"},"SalesOrderDetailId@odata.navigationLink":{"type":"string"},"#Microsoft.Dynamics.CRM.RetrieveProductProperties()":{"type":"object","properties":{"title":{"type":"string"},"target":{"type":"string"}}}}}}},"Get_a_row_by_ID_Product_4":{"runAfter":{"Parse_JSON_7":["Succeeded"]},"metadata":{"operationMetadataId":"380e015f-43c9-474b-941c-6c4271341197"},"type":"OpenApiConnection","inputs":{"host":{"apiId":"/providers/Microsoft.PowerApps/apis/shared_commondataserviceforapps","connectionName":"shared_commondataserviceforapps","operationId":"GetItem"},"parameters":{"entityName":"products","recordId":"@items('Apply_to_each_4')?['_productid_value']"},"authentication":"@parameters('$authentication')"}},"Set_variable_Item_ID_4":{"runAfter":{"Get_a_row_by_ID_Product_4":["Succeeded"]},"metadata":{"operationMetadataId":"d4ee6792-64f4-449f-8e8d-17cf1939ab34"},"type":"SetVariable","inputs":{"name":"Item_ID","value":"@outputs('Get_a_row_by_ID_Product_4')?['body/clds_quickbooksproductitemid']"}}},"runAfter":{"List_rows_-_retrieve_producs_associated_with_invoice_4":["Succeeded"]},"metadata":{"operationMetadataId":"5fa599f0-c2a4-4628-8103-f04fbc64634a"},"type":"Foreach"},"Convert_the_array_to_a_string_4":{"runAfter":{"Apply_to_each_4":["Succeeded"]},"metadata":{"operationMetadataId":"08ed3ef1-8fbd-4d09-b1d5-80389ba13350"},"type":"Compose","inputs":"@join(variables('Output_JSON'), ',')"},"Generates_the_json_element_4":{"runAfter":{"Convert_the_array_to_a_string_4":["Succeeded"]},"metadata":{"operationMetadataId":"6a6fff9d-6347-42b7-9bfb-ff0455aab88e"},"type":"Compose","inputs":"@json(concat('[', outputs('Convert_the_array_to_a_string_4'), ']'))"},"Invoice-Create_4":{"runAfter":{"Generates_the_json_element_4":["Succeeded"]},"metadata":{"operationMetadataId":"a24f8945-50b8-4755-aac6-b6e775b5f701"},"type":"OpenApiConnection","inputs":{"host":{"apiId":"/providers/Microsoft.PowerApps/apis/shared_quickbooks-5fb15d7e221c74691f-5fa3c946fbaf33fd73","connectionName":"shared_quickbooks-5fb15d7e221c74691f-5fa3c946fbaf33fd73","operationId":"Invoice-Create"},"parameters":{"companyid":"4620816365213924760","minorversion":"{{minorversion}}","User-Agent":"{{UserAgent}}","Accept":"application/json","Content-Type":"application/json","body/Line":"@outputs('Generates_the_json_element_4')","body/CustomerRef/value":"@outputs('Get_a_row_by_ID_(Contacts)')?['body/clds_quickbooks_customer_id']","body/DocNumber":"@outputs('Get_a_row_by_ID_(Invoice)')?['body/invoicenumber']"},"authentication":{"value":"@json(decodeBase64(triggerOutputs().headers['X-MS-APIM-Tokens']))['$ConnectionKey']","type":"Raw"}}},"Parse_JSON_8":{"runAfter":{"Invoice-Create_4":["Succeeded"]},"metadata":{"operationMetadataId":"79e1b73a-0c43-4677-a85c-9a81e4e1dc3a"},"type":"ParseJson","inputs":{"content":"@body('Invoice-Create_4')","schema":{"type":"object","properties":{"Invoice":{"type":"object","properties":{"AllowIPNPayment":{"type":"boolean"},"AllowOnlinePayment":{"type":"boolean"},"AllowOnlineCreditCardPayment":{"type":"boolean"},"AllowOnlineACHPayment":{"type":"boolean"},"domain":{"type":"string"},"sparse":{"type":"boolean"},"Id":{"type":"string"},"SyncToken":{"type":"string"},"MetaData":{"type":"object","properties":{"CreateTime":{"type":"string"},"LastUpdatedTime":{"type":"string"}}},"CustomField":{"type":"array","items":{"type":"object","properties":{"DefinitionId":{"type":"string"},"Name":{"type":"string"},"Type":{"type":"string"}},"required":["DefinitionId","Name","Type"]}},"DocNumber":{"type":"string"},"TxnDate":{"type":"string"},"CurrencyRef":{"type":"object","properties":{"value":{"type":"string"},"name":{"type":"string"}}},"LinkedTxn":{"type":"array"},"Line":{"type":"array","items":{"type":"object","properties":{"Id":{"type":"string"},"LineNum":{"type":["integer","number"]},"Description":{"type":"string"},"Amount":{"type":["integer","number"]},"DetailType":{"type":"string"},"SalesItemLineDetail":{"type":"object","properties":{"ItemRef":{"type":"object","properties":{"value":{"type":"string"},"name":{"type":"string"}}},"UnitPrice":{"type":["integer","number"]},"Qty":{"type":["integer","number"]},"TaxCodeRef":{"type":"object","properties":{"value":{"type":"string"}}}}},"SubTotalLineDetail":{"type":"object","properties":{}}},"required":["Amount","DetailType"]}},"TxnTaxDetail":{"type":"object","properties":{"TotalTax":{"type":["integer","number"]}}},"CustomerRef":{"type":"object","properties":{"value":{"type":"string"},"name":{"type":"string"}}},"BillAddr":{"type":"object","properties":{"Id":{"type":"string"},"Line1":{"type":"string"},"City":{"type":"string"},"Country":{"type":"string"},"PostalCode":{"type":"string"}}},"DueDate":{"type":"string"},"TotalAmt":{"type":"number"},"ApplyTaxAfterDiscount":{"type":"boolean"},"PrintStatus":{"type":"string"},"EmailStatus":{"type":"string"},"Balance":{"type":"number"}}},"time":{"type":"string"}}}}},"Update_a_row_Invoice_2__2":{"runAfter":{"Parse_JSON_8":["Succeeded"]},"metadata":{"operationMetadataId":"3c291d95-f4ae-40a4-bebe-f8e1775e8e91"},"type":"OpenApiConnection","inputs":{"host":{"apiId":"/providers/Microsoft.PowerApps/apis/shared_commondataserviceforapps","connectionName":"shared_commondataserviceforapps","operationId":"UpdateRecord"},"parameters":{"entityName":"invoices","recordId":"@outputs('Get_a_row_by_ID_(Invoice)')?['body/invoiceid']","item/statuscode":4,"item/crc98_quickbooks_invoice_id":"@body('Parse_JSON_8')?['Invoice']?['Id']"},"authentication":"@parameters('$authentication')"}},"Invoice-Send_4":{"runAfter":{"Update_a_row_Invoice_2__2":["Succeeded"]},"metadata":{"operationMetadataId":"5fe51caf-3357-4ee7-a1a4-faad0cc1c039"},"type":"OpenApiConnection","inputs":{"host":{"apiId":"/providers/Microsoft.PowerApps/apis/shared_quickbooks-5fb15d7e221c74691f-5fa3c946fbaf33fd73","connectionName":"shared_quickbooks-5fb15d7e221c74691f-5fa3c946fbaf33fd73","operationId":"Invoice-Send"},"parameters":{"companyid":"4620816365213924760","invoiceId":"@body('Parse_JSON_8')?['Invoice']?['Id']","sendTo":"@outputs('Get_a_row_by_ID_(Contacts)')?['body/emailaddress1']","Content-type":"application/octet-stream"},"authentication":{"value":"@json(decodeBase64(triggerOutputs().headers['X-MS-APIM-Tokens']))['$ConnectionKey']","type":"Raw"}}}}},"expression":{"equals":["@outputs('Get_a_row_by_ID_(Contacts)')?['body/clds_quickbooks_customer_id']","@null"]},"metadata":{"operationMetadataId":"56b962bb-095e-4315-ba4a-156931e3a948"},"type":"If"}}},"expression":{"contains":["@outputs('Get_a_row_by_ID_(Invoice)')?['body/_customerid_value@Microsoft.Dynamics.CRM.lookuplogicalname']","account"]},"metadata":{"operationMetadataId":"153408e4-bbad-417d-ac58-efd851f12351"},"type":"If"},"Get_a_row_by_ID_(Invoice)":{"runAfter":{"Product_Quantity":["Succeeded"]},"metadata":{"operationMetadataId":"552577cf-1727-4bfe-8cd8-898092d58e62"},"type":"OpenApiConnection","inputs":{"host":{"apiId":"/providers/Microsoft.PowerApps/apis/shared_commondataserviceforapps","connectionName":"shared_commondataserviceforapps","operationId":"GetItem"},"parameters":{"entityName":"invoices","recordId":"@triggerBody()?['entity']?['invoiceid']"},"authentication":"@parameters('$authentication')"}},"Output_JSON":{"runAfter":{"Initialize_variable_Customer_Ref":["Succeeded"]},"metadata":{"operationMetadataId":"19090bae-d70f-45c6-9f34-d19e695ca1e5"},"type":"InitializeVariable","inputs":{"variables":[{"name":"Output_JSON","type":"array"}]}},"Each_line":{"runAfter":{"Output_JSON":["Succeeded"]},"metadata":{"operationMetadataId":"b1df04ff-0eec-4202-a8b4-e6d86ebbb90e"},"type":"InitializeVariable","inputs":{"variables":[{"name":"Each line","type":"string","value":"{\n          \"Amount\": #amount#,\n          \"DetailType\": \"SalesItemLineDetail\",\n\t  \"Description\": \"#name#\",\n          \"SalesItemLineDetail\": {\n            \"ItemRef\": {\n              \"value\": \"#item#\"\n            },\n  \"Qty\": #qty#,\n  \"UnitPrice\": #unitprice#\n\n          }\n        }"}]}},"Product_Name":{"runAfter":{"Each_line":["Succeeded"]},"metadata":{"operationMetadataId":"0b971ad2-56ef-4e3a-a789-791c8397d62e"},"type":"InitializeVariable","inputs":{"variables":[{"name":"Product_Name","type":"string"}]}},"Product_Total_Price":{"runAfter":{"Initialize_variable__item_ID":["Succeeded"]},"metadata":{"operationMetadataId":"7f2c4339-a988-480b-8591-5066526832a9"},"type":"InitializeVariable","inputs":{"variables":[{"name":"Product_Total_Price","type":"string"}]}},"Unit_Price":{"runAfter":{"Product_Total_Price":["Succeeded"]},"metadata":{"operationMetadataId":"74106285-9881-40d6-a430-30ca60d588f6"},"type":"InitializeVariable","inputs":{"variables":[{"name":"Unit_Price","type":"string"}]}},"Product_Quantity":{"runAfter":{"Unit_Price":["Succeeded"]},"metadata":{"operationMetadataId":"d7680541-f29c-479d-bf3e-11b3e23f0115"},"type":"InitializeVariable","inputs":{"variables":[{"name":"Product_Quantity","type":"float"}]}},"Initialize_variable__item_ID":{"runAfter":{"Product_Name":["Succeeded"]},"metadata":{"operationMetadataId":"3953c570-cdea-4de9-a476-1766b9c563d2"},"type":"InitializeVariable","inputs":{"variables":[{"name":"Item_ID","type":"string"}]}},"Initialize_variable_Customer_Ref":{"runAfter":{},"metadata":{"operationMetadataId":"6346640b-3d25-45d3-a8be-80a40e4c7b5c"},"type":"InitializeVariable","inputs":{"variables":[{"name":"customerRef","type":"string"}]}}},"description":"When user executes this flow, the invoice data from Dynamics will be sent Quickbooks  and a copy of theinvoice generated from QuickBooks will be sent to the account/contact/customer"},"connectionReferences":{"shared_commondataservice":{"connectionName":"shared-commondataser-54339fa3-7ced-4a43-9196-1d3283b84a26","source":"Invoker","id":"/providers/Microsoft.PowerApps/apis/shared_commondataservice","tier":"NotSpecified"},"shared_commondataserviceforapps":{"connectionName":"shared-commondataser-026a47a9-28a8-4777-8ad3-e97b-2e9b969b","source":"Embedded","id":"/providers/Microsoft.PowerApps/apis/shared_commondataserviceforapps","tier":"NotSpecified"},"shared_quickbooks-5fb15d7e221c74691f-5fa3c946fbaf33fd73":{"connectionName":"18b5c4c7-37ac-494a-b645-6ac749c0c5c8","source":"Invoker","id":"/providers/Microsoft.PowerApps/apis/shared_quickbooks-5fb15d7e221c74691f-5fa3c946fbaf33fd73","tier":"NotSpecified"}},"flowFailureAlertSubscribed":false}}